gold_id,origin_id,set,program_type,outcome_text,v1_coder_a,v1_coder_b,v1_gold,v1_alternates,v1_agreement,v1_forced_fit,v2_coder_a,v2_coder_b,v2_gold,v2_alternates,v2_agreement,v2_forced_fit,v2_outcome_type,expected_uncoded,codebook_issues,adjudication_note,review_priority,status,adjudicated_by,adjudicated_on
H001,heldout-generator,heldout,afterschool/OST,85% of enrolled youth attended at least 30 program sessions during the school year.,10.5,10.5,10.5,11.5,agreed,0,A2.2,A2.2,A2.2,Y1.5,agreed,0,output,false,,,normal,proposed,,
H002,heldout-generator,heldout,afterschool/OST,"Parents reported feeling more confident that their child has a safe, supervised place to go after school.",2.5,2.5,2.5,12.2;5.1,agreed,1,F3.1,F3.1,A2.5,F3.1,agreed-then-rc1-revised,0,attitude,false,Caregiver peace of mind/trust in program safety has no explicit home; 2.5 is closest. | No code directly covers parents' confidence in the program's safety/supervision; nearest is family-program trust. || v2: No code for parents' confidence in child's safety/supervision; F3.1 trust vs A2.5 satisfaction. | No exact code for parent perception of program safety; closest is family trust/connection with program.,v2: rc1: a family perception of program safety → A2.5.,high,proposed,,
H003,heldout-generator,heldout,afterschool/OST,Youth who attended the program regularly improved their homework completion habits.,4.1,4.1,4.1,3.2.4,agreed,0,Y6.1,Y6.1,Y6.1,Y3.5,agreed,0,behavior,false,,,normal,proposed,,
H004,heldout-generator,heldout,tutoring & literacy,Students reading below grade level increased their oral reading fluency by an average of 12 words per minute.,11.1,11.1,11.1,4.1,agreed,0,Y7.1,Y7.1,Y7.1,,agreed,0,skill,false,,,normal,proposed,,
H005,heldout-generator,heldout,tutoring & literacy,Tutors completed 40 hours of training and began weekly one-on-one sessions with assigned students.,10.1 + 10.5,10.1 + 10.5,10.1,10.2;10.5,agreed,0,A2.2,A2.2 + A2.2,A2.2,A1.1,agreed,0,output,false,"Adult training hours/service delivery are outputs; 10.5 defined around youth participation, 10.1 around learning.",,normal,proposed,,
H006,heldout-generator,heldout,tutoring & literacy,Youth feel more confident reading aloud in front of their class.,4.4,4.4,4.4,3.1.4,agreed,0,Y6.4,Y6.4,Y6.4,Y3.9;Y7.1,agreed,0,attitude,false, || v2: Blends reading skill and public-speaking confidence; coded as academic self-efficacy since 'confidence' is the stated construct.,,normal,proposed,,
H007,heldout-generator,heldout,STEM/robotics,70% of participants reported increased interest in pursuing a career in a STEM field.,8.4,8.4,8.4,1.3,agreed,0,Y1.3,Y9.1,Y9.1,Y1.3,contested,0,attitude,false,"Career interest (vs. exploration activity) straddles 8.4 and 1.3/1.2. || v2: Career interest/aspiration fits Y1.3, Y4.5, and Y9.1 with no tie-breaker.",v2: rc1: interest in a career field → Y9.1.,high,proposed,,
H008,heldout-generator,heldout,STEM/robotics,Youth designed and built a functioning robot and presented it at the regional competition.,1.4 + 1.5,1.4 + 1.5,1.4,11.3,agreed,1,Y7.4 + Y3.9,Y7.4 + Y3.9,Y7.4,Y3.10,agreed,0,skill,false,Engineering design/build products are only loosely 'creative making'; no STEM-making code. | No domain names engineering/robotics building explicitly; forced into arts-framed creating code.,,high,proposed,,
H009,heldout-generator,heldout,STEM/robotics,Girls' enrollment in advanced STEM electives at partner schools increased 15% over the prior year.,9.2,9.2,9.2,10.5;11.6,agreed,1,Y8.6,Y8.6,Y8.6,A2.2,agreed,0,status,false,"No code for subject-specific course enrollment by demographic group; treated as equity/access. || v2: Aggregate school-level stat about individual enrollment, not program dosage.",,high,proposed,,
H010,heldout-generator,heldout,arts & music,Participants demonstrated improved technical skill on their instrument as measured by a jury assessment.,11.3,11.3,11.3,1.4;1.5,agreed,1,Y7.6,Y7.6,Y7.6,Y4.7,agreed,0,skill,false,Arts technical skill mastery has no explicit home; 11.3 lists arts but 1.4/1.5 also plausible.,,high,proposed,,
H011,heldout-generator,heldout,arts & music,The program presented 12 community performances this season.,10.5,10.5,10.5,1.5,agreed,0,A2.2,A2.2,A2.2,Y7.6,agreed,0,output,false,Program-level count of performances: output (10.5) vs performance (1.5) unclear.,,normal,proposed,,
H012,heldout-generator,heldout,arts & music,Youth reported feeling more comfortable expressing themselves creatively and made new friends in the program.,1.4 + 2.3,1.4 + 2.3,1.4,3.1.4,agreed,0,Y4.3 + Y2.3,Y4.3 + Y2.3,Y4.3,Y7.6,agreed,0,attitude,false,,,normal,proposed,,
H013,heldout-generator,heldout,sports & recreation,Participants increased their weekly physical activity to at least 60 minutes on 5 or more days.,7.1,7.1,7.1,,agreed,0,Y10.1,Y10.1,Y10.1,,agreed,0,behavior,false,,,normal,proposed,,
H014,heldout-generator,heldout,sports & recreation,Coaches learned to lead a new conflict-resolution curriculum during pre-season training.,10.1,10.1,10.1,10.2,agreed,0,A1.1,A1.1,A1.1,A1.2,agreed,0,skill,false,,,normal,proposed,,
H015,heldout-generator,heldout,sports & recreation,Youth showed improved sportsmanship and teamwork during games.,5.2 + 3.4.2,5.2 + 3.4.2,5.2,3.3.3;3.5.2,agreed,0,Y5.1 + Y3.10,Y5.1 + Y3.10,Y5.1,Y3.15,agreed,0,behavior|attitude,false,,,normal,proposed,,
H016,heldout-generator,heldout,mentoring,85% of mentor-mentee matches remained active for at least 12 months.,10.5,10.5,10.5,2.2,agreed,0,A2.2,A2.2,A2.2,Y2.2,agreed,0,output,false,,,normal,proposed,,
H017,heldout-generator,heldout,mentoring,Mentees reported a stronger sense of belonging and connection to a caring adult.,2.1 + 2.2,2.1 + 2.2,2.1,2.2,agreed,0,Y2.1 + Y2.2,Y2.1 + Y2.2,Y2.1,Y2.2,agreed,0,attitude,false,,,normal,proposed,,
H018,heldout-generator,heldout,mentoring,"Youth-mentor pairs met weekly, and mentees' school attendance improved over the program year.",10.5 + 11.5,10.5 + 11.5,10.5,4.1,agreed,0,Y8.1 + A2.2,A2.2 + Y8.1,Y8.1,A2.2,contested,0,status|output,false,"Unclear whether a dosage clause is a 'means' (don't split) or a codeable 10.5 output (split). || v2: Unclear whether weekly meetings are the means (don't split) or a dosage result (A2.2, never uncoded).",v2: Split: attendance improvement (Y8.1) + meeting frequency (A2.2).,high,proposed,,
H019,heldout-generator,heldout,college access,Seniors submitted the FAFSA and at least one college application by January 1.,8.3,8.3,8.3,8.7,agreed,0,Y9.2 + Y9.2,Y9.2,Y9.2,Y8.7,agreed,0,behavior,false,,,normal,proposed,,
H020,heldout-generator,heldout,college access,90% of participants enrolled in a two- or four-year college the fall after graduation.,8.7,8.7,8.7,,agreed,0,Y8.7,Y8.7,Y8.7,,agreed,0,status,false,,,normal,proposed,,
H021,heldout-generator,heldout,college access,"Students increased their understanding of the financial aid process, including grants and loans.",8.3,8.3,8.3,12.5,agreed,0,Y9.2,Y9.2,Y9.2,,agreed,0,knowledge,false,,,normal,proposed,,
H022,heldout-generator,heldout,youth employment & workforce,Youth obtained subsidized summer employment and completed at least 120 paid work hours.,8.8,8.8,8.8,8.6,agreed,0,Y9.5,Y9.5,Y9.5,Y9.4,agreed,0,status,false,Subsidized summer jobs straddle 8.6 work-based learning and 8.8 employment placement.,,normal,proposed,,
H023,heldout-generator,heldout,youth employment & workforce,Participants demonstrated improved workplace communication and professionalism.,8.5,8.5,8.5,3.4.1,agreed,0,Y9.3,Y9.3,Y9.3,Y3.9,agreed,0,skill,false,,,normal,proposed,,
H024,heldout-generator,heldout,youth employment & workforce,75% of program graduates were employed or enrolled in postsecondary education six months after completion.,8.8,8.8 + 8.7,8.8,8.7,agreed,0,Y9.5,Y9.5,Y9.5,Y8.7,agreed,0,status,false,Composite employment-or-education indicator spans 8.7 and 8.8; no rule. || v2: Combined employment-or-education metric; no rule to split.,,normal,proposed,,
H025,heldout-generator,heldout,financial literacy,Participants opened a savings account within three months of completing the workshop.,12.5,12.5,12.5,11.2,agreed,1,Y9.6,Y9.6,Y9.6,F2.1,agreed,0,behavior,false,Youth financial behavior has no home; 12.5 is household-level. | No code specifically covers a youth participant's own financial behavior outside household/caregiver framing. || v2: Participant population (youth vs. adult) unspecified.,,high,proposed,,
H026,heldout-generator,heldout,financial literacy,"Youth increased their knowledge of budgeting, credit, and saving as measured by a pre/post quiz.",11.3,11.3,11.3,11.2;12.5,agreed,0,Y9.6,Y9.6,Y9.6,,agreed,0,knowledge,false,Financial literacy content: subject area says Mathematics but 11.2 is math skill; 11.3 vs 11.2 unclear.,,normal,proposed,,
H027,heldout-generator,heldout,financial literacy,Families reported feeling more confident managing household finances.,12.5,12.5,12.5,12.2,agreed,1,F2.1,F2.1,F1.5,F2.1,agreed-then-rc1-revised,0,attitude,false,"No code for caregiver financial self-efficacy/confidence specifically; 12.5 covers actual economic outcomes, not confidence. || v2: No code for caregiver/household financial capability or confidence; F2.1 is income/stability, Y9.6 is youth-only. | No family-level financial capability/confidence code exists; only youth (Y9.6) or household income (F2.1).",v2: rc1: adult financial literacy/confidence → F1.5.,high,proposed,,
H028,heldout-generator,heldout,civic engagement & youth organizing,Youth organizers led a campaign that resulted in a new city ordinance extending youth curfew hours during summer months.,6.3,6.3,6.3,10.3;6.4,agreed,0,Y5.3 + A3.1,A3.1,Y5.3,A3.1,contested,0,behavior|status,false,,v2: Split: youth organizing (Y5.3) + ordinance adopted (A3.1).,high,proposed,,
H029,heldout-generator,heldout,civic engagement & youth organizing,Participants increased their knowledge of the voter registration process and registered eligible peers.,6.1 + 6.2,6.1 + 6.2,6.1,6.3,agreed,0,Y5.2 + Y5.3,Y5.2 + Y5.3,Y5.2,Y5.3,agreed,0,knowledge,false,,,normal,proposed,,
H030,heldout-generator,heldout,civic engagement & youth organizing,Youth reported an increased sense that they can influence decisions in their community.,6.3,6.3,6.3,5.1,agreed,0,Y5.3,Y5.3,Y5.3,Y4.3;Y4.6,agreed,1,attitude,false,Felt civic efficacy sits between 5.1 (felt voice) and 6.3 (voice/influence); 5.1 note routes to 6.3. || v2: Civic efficacy (belief) not named; Y5.3 defined as acting to influence decisions. | Tie-breaker: influencing collective decisions goes to Y5.3.,,high,proposed,,
H031,heldout-generator,heldout,environmental/outdoor education,Students correctly identified 80% more native plant and animal species on post-program assessments compared to pre-tests.,11.3,11.3,11.3,8.1,agreed,0,Y7.4,Y7.4,Y7.4,Y5.6,agreed,0,knowledge,false,,,normal,proposed,,
H032,heldout-generator,heldout,environmental/outdoor education,Youth completed a 3-day backpacking expedition and demonstrated leadership in group decision-making.,6.3,6.3,6.3,3.4.2,agreed,1,Y3.10,Y3.10,Y3.10,Y3.14,agreed,0,skill,false,Non-civic group leadership lacks a home; expedition completion treated as means. | No code covers outdoor/group leadership outside a civic-influence context; expedition itself treated as the activity/means. || v2: The 3-day backpacking expedition is the activity/setting and not split off as a separate outcome.,,high,proposed,,
H033,heldout-generator,heldout,environmental/outdoor education,Participants reported increased comfort and confidence spending time outdoors.,3.1.4,3.1.4,3.1.4,1.1;5.1,agreed,0,Y4.3,Y4.3,Y4.3,Y5.6,agreed,1,attitude,false," || v2: Domain-specific non-academic confidence has no home; Y4.3 is general, Y5.6 connection to nature partial. | General confidence construct applied to an outdoor-specific context; no domain-specific code exists.",,high,proposed,,
H034,heldout-generator,heldout,school-based mental health,Students receiving counseling showed a reduction in self-reported anxiety symptoms on the GAD-7 screener.,7.2,7.2,7.2,7.4,agreed,0,Y11.1,Y11.1,Y11.1,Y11.4,agreed,0,status,false,,,normal,proposed,,
H035,heldout-generator,heldout,school-based mental health,Referrals to the school-based clinician increased 20% following staff training on warning signs of distress.,10.2,7.4,7.4,10.2,contested,0,A1.2,Y11.4,Y11.4,A1.2,contested,0,behavior|status,false,Referral increase could be staff practice (10.2) or youth service access (7.4). || v2: Staff training is the means (not split off); referral increase could be read as program output or individual service-access status.,Staff training is the means; referrals are service use. v2: rc1: staff training is the means.,high,proposed,,
H036,heldout-generator,heldout,school-based mental health,Youth developed healthier coping strategies for managing stress.,3.2.2,3.2.2,3.2.2,7.2,agreed,0,Y3.3,Y3.3,Y3.3,Y11.1,agreed,0,skill,false,,,normal,proposed,,
H037,heldout-generator,heldout,substance-use prevention,Participants reported delaying the age of first alcohol use.,7.5,7.5,7.5,3.5.4,agreed,0,Y12.2,Y12.2,Y12.2,Y3.16,agreed,0,behavior,false,,,normal,proposed,,
H038,heldout-generator,heldout,substance-use prevention,Youth increased their knowledge of the health risks associated with vaping and e-cigarette use.,7.5,7.5,7.5,3.5.4,agreed,0,Y12.2,Y12.2,Y12.2,Y10.5,agreed,0,knowledge,false,,,normal,proposed,,
H039,heldout-generator,heldout,substance-use prevention,The program delivered prevention curricula to 500 students across 6 partner schools this year.,10.5,10.5,10.5,7.5,agreed,0,A2.2,A2.2,A2.2,,agreed,0,output,false,,,normal,proposed,,
H040,heldout-generator,heldout,violence prevention,Students demonstrated improved conflict de-escalation skills in post-training role-play assessments.,3.4.3,3.4.3,3.4.3,7.7,agreed,0,Y3.11,Y3.11,Y3.11,Y3.2,agreed,0,skill,false,,,normal,proposed,,
H041,heldout-generator,heldout,violence prevention,School staff reported a decrease in physical altercations following implementation of the restorative justice program.,7.7,7.7,7.7,11.6,agreed,0,Y12.3,Y12.3,Y12.3,Y8.4,agreed,0,behavior|status,false,,,normal,proposed,,
H042,heldout-generator,heldout,violence prevention,Youth feel safer walking to and from school.,5.1,5.1,5.1,7.7,agreed,0,Y12.1,Y12.1,Y12.1,Y2.1,agreed,0,attitude,false," || v2: Neighborhood/commute safety is general, not program-specific.",,normal,proposed,,
H043,heldout-generator,heldout,juvenile justice & reentry,70% of youth released from detention had no new adjudications within 12 months of release.,7.8,7.8,7.8,,agreed,0,Y12.4,Y12.4,Y12.4,,agreed,0,status,false,,,normal,proposed,,
H044,heldout-generator,heldout,juvenile justice & reentry,Participants secured stable housing and enrolled in school or employment within 30 days of release.,12.7 + 11.6,12.7 + 11.6 + 8.8,12.7,7.8,agreed,1,F2.3 + Y9.5,F2.3 + Y9.5,F2.3,Y12.4;Y8.5,agreed,1,status,false,12.7 scoped to families; youth's own housing has no youth-level code. School-or-work composite spans 11.6/8.8. || v2: Combined 'school or employment' metric; codebook has no rule to split further.,,high,proposed,,
H045,heldout-generator,heldout,juvenile justice & reentry,Youth improved their ability to set and work toward personal goals.,3.2.3,3.2.3,3.2.3,3.2.4,agreed,0,Y3.4,Y3.4,Y3.4,Y4.6,agreed,0,skill,false,,,normal,proposed,,
H046,heldout-generator,heldout,foster care & transition-age youth,"Youth aging out of care obtained a state-issued ID, Social Security card, and birth certificate before turning 18.",8.3,8.3,8.3,12.5,agreed,1,Y9.7,Y9.7,Y9.7,,agreed,0,status,false,Vital documents/independent-living milestones have no home. | No code covers foster youth obtaining vital/ID documents; forced into the closest transition-process code.,,high,proposed,,
H047,heldout-generator,heldout,foster care & transition-age youth,"Young people reported having at least one permanent, supportive adult connection.",2.2,2.2,2.2,3.4.5,agreed,0,Y2.2,Y2.2,Y2.2,Y2.5,agreed,0,status,false,,,normal,proposed,,
H048,heldout-generator,heldout,foster care & transition-age youth,"Participants increased their independent living skills, including cooking, budgeting, and using public transit.",8.3,3.2.4,3.2.4,8.3,contested,1,Y9.7,Y9.7,Y9.7,Y9.6,agreed,0,skill,false,"Independent living/life skills have no subcategory. | No code covers general independent-living/life skills (cooking, transit); forced placement.",Independent-living skills have no home in v1.,high,proposed,,
H049,heldout-generator,heldout,runaway & homeless youth,Youth exited the shelter into safe and stable housing.,12.7,12.7,12.7,11.5,agreed,1,F2.3,F2.3,F2.3,,agreed,0,status,false,12.7 defined for families; youth housing outcome has no youth code.,,high,proposed,,
H050,heldout-generator,heldout,runaway & homeless youth,Participants engaged in case management and reduced the number of nights spent unsheltered.,12.5 + 12.7,12.5 + 12.7,12.5,10.5,agreed,0,F2.3,F2.3,F2.3,Y11.4,agreed,0,status,false,Case management engagement could be means or output; 12.x scoped to families.,,normal,proposed,,
H051,heldout-generator,heldout,runaway & homeless youth,Youth reported an increased sense of safety and trust in program staff.,5.1 + 2.2,5.1 + 2.2,5.1,2.1,agreed,0,Y2.1 + Y2.2,Y2.1 + Y2.2,Y2.1,Y12.1,agreed,0,attitude,false, || v2: Unclear whether safety is program-specific (Y2.1) or general (Y12.1) for shelter youth.,,normal,proposed,,
H052,heldout-generator,heldout,teen parents,Teen mothers continued or re-enrolled in school within 6 weeks of giving birth.,11.6,11.6,11.6,11.5,agreed,0,Y8.2,Y8.2,Y8.2,Y8.5,agreed,0,status,false,,,normal,proposed,,
H053,heldout-generator,heldout,teen parents,"Parenting participants demonstrated improved knowledge of infant health and safety practices, including safe sleep.",12.1,12.1,12.1,7.6,agreed,0,F1.1,F1.1,F1.1,Y10.5,agreed,0,knowledge,false, || v2: Teen parents are both youth and caregivers.,,normal,proposed,,
H054,heldout-generator,heldout,teen parents,Young parents feel more confident in their parenting abilities and less isolated from peers.,12.1 + 12.3,12.1 + 12.3,12.1,12.2,agreed,1,F1.1 + F1.3,F1.1 + F1.3,F1.1,Y4.3,agreed,0,attitude,false,"Parenting self-efficacy not named; peer isolation for teen parents: 12.3 vs 2.3. | No code names caregiver parenting self-confidence specifically; 12.1 covers knowledge/practices not confidence. || v2: Teen parents are young people; 'stop at first match' puts them in Part Y, but parenting constructs exist only in F.",,high,proposed,,
H055,heldout-generator,heldout,LGBTQ+ youth services,Youth reported a decrease in feelings of isolation after joining the support group.,2.3,2.3,2.3,7.2,agreed,0,Y2.1,Y2.1,Y2.1,Y11.1,agreed,1,attitude,false,Isolation as relational state (2.3) vs distress symptom (7.2); no rule. || v2: Loneliness/isolation is not named in any definition; Y2.1 and Y11.1 both plausible. | Isolation could be read as a mental-health distress symptom (Y11.1) or belonging (Y2.1); no explicit rule.,,high,proposed,,
H056,heldout-generator,heldout,LGBTQ+ youth services,Participants identified at least one trusted adult they could turn to for support.,2.2,2.2,2.2,3.3.4,agreed,0,Y2.2,Y2.2,Y2.2,,agreed,0,status,false,,,normal,proposed,,
H057,heldout-generator,heldout,LGBTQ+ youth services,The program fostered a more welcoming and affirming environment for LGBTQ+ youth.,10.3,9.2,10.3,9.2;2.1,contested,1,A2.1,A2.1,A2.1,A2.4;Y2.1,agreed,0,status,false," || v2: Could be program quality or youth belonging; statement is about program environment, not individual youth report.",Program quality/climate has no home in v1.,high,proposed,,
H058,heldout-generator,heldout,disability inclusion,Youth with disabilities participated in inclusive recreational activities alongside peers without disabilities.,9.2,9.2,9.2,5.3,agreed,0,Y1.5,A2.4,Y1.5,A2.4,contested,0,behavior|status,false, || v2: Inclusion construct named only in A2.4 (program-level); youth-level inclusive participation has no Y code.,v2: rc1: youth taking part in inclusive activities → Y1.5.,high,proposed,,
H059,heldout-generator,heldout,disability inclusion,Parents of children with disabilities reported increased knowledge of their child's rights under IDEA.,12.1,12.1,12.1,6.1,agreed,1,F1.6,F1.6,F1.6,,agreed,0,knowledge,false,Caregiver rights/system-navigation knowledge has no Domain 12 home. | No code covers caregiver knowledge of legal/educational rights (IDEA); forced into general parenting knowledge.,,high,proposed,,
H060,heldout-generator,heldout,disability inclusion,Participants demonstrated improved self-advocacy skills during IEP meetings.,6.3,6.3,6.3,3.4.1;3.4.4,agreed,1,Y4.6,Y4.6,Y4.6,Y3.9,agreed,0,skill,false,Self-advocacy has no explicit code; 6.3 vs 3.4.4.,,high,proposed,,
H061,heldout-generator,heldout,immigrant & refugee services,Families increased their understanding of the U.S. school enrollment and healthcare systems.,6.1,6.1,6.1,12.5,agreed,1,F1.6,F1.6,F1.6,,agreed,0,knowledge,false,Caregiver system-navigation knowledge: 6.1 is youth civic; Domain 12 lacks it.,,high,proposed,,
H062,heldout-generator,heldout,immigrant & refugee services,Adult participants improved their English language proficiency by one CASAS level.,11.4,11.4,11.4,12.5,agreed,0,F1.5,F1.5,F1.5,Y7.7,agreed,1,skill,false,"11.4 framed for youth/ELs; adult learners are outside scope. || v2: Adult participants not clearly caregivers; Y7.7 is youth-only, no home for adult community learners. | Unclear if 'adult participants' are caregivers of youth or unrelated adults; codebook doesn't define this population.",,high,proposed,,
H063,heldout-generator,heldout,immigrant & refugee services,Youth reported feeling more connected to their new community.,2.1,2.1,2.1,5.1,agreed,1,Y2.1,Y2.1,Y2.1,Y2.5,agreed,0,attitude,false,"2.1 scoped to school/program; broader community connectedness has no home. | 2.1 is defined for school/program belonging; statement is about the broader community, which has no exact code.",,high,proposed,,
H064,heldout-generator,heldout,early childhood & home visiting,Children demonstrated age-appropriate developmental milestones on the Ages & Stages Questionnaire.,11.7,11.7,11.7,,agreed,0,Y7.8,Y7.8,Y7.8,Y10.2,agreed,1,status,false, || v2: ASQ covers motor/social/communication; no general early-development code.,,high,proposed,,
H065,heldout-generator,heldout,early childhood & home visiting,"Home visitors conducted monthly visits, and caregivers reported increased confidence supporting early literacy at home.",10.5 + 12.4,10.5 + 12.4,10.5,10.2,agreed,0,A2.2 + F1.4,A2.2 + F1.4,A2.2,F1.1,agreed,0,output,false, || v2: Second outcome: F1.1 (parenting self-efficacy) and F1.4 (home learning) both fit; no tie-breaker.,,normal,proposed,,
H066,heldout-generator,heldout,early childhood & home visiting,First-time mothers initiated and sustained breastfeeding for at least six months.,12.1,12.1,12.1,7.1,agreed,1,F1.1,F1.1,F1.7,F1.1,agreed-then-rc1-revised,0,behavior,false,Maternal/infant health behaviors have no explicit home. || v2: No code for maternal/infant health behaviors. | No breastfeeding/infant-feeding code exists; treated as a parenting/caregiving practice.,v2: rc1: new F1.7 Family Health Practices.,high,proposed,,
H067,heldout-generator,heldout,family support/two-generation,Families increased household income while parents completed occupational skills training.,12.5 + 8.6,12.5 + 8.6,12.5,8.8,agreed,1,F2.1 + F1.5,F2.1 + F1.5,F2.1,F1.5,agreed,0,status,false,"8.6 is youth-focused; parent training has no Domain 12 code. || v2: 'While' clause resembles the no-split means example, but caregiver training completion is itself an F1.5 result.",,high,proposed,,
H068,heldout-generator,heldout,family support/two-generation,Parents reported improved communication and reduced conflict with their children.,12.1,12.1,12.1,3.4.3,agreed,1,F1.1 + F1.1,Y2.4,F1.1,Y2.4,contested,0,behavior|status,false,"Parent-child relationship quality not named in Domain 12. | No dedicated code for parent-child relationship quality/communication; forced into parenting knowledge & practices. || v2: Reported by parents rather than youth, but construct is the youth-family relationship per codebook rule.",v2: rc1: the subject of the sentence (parents) decides.,high,proposed,,
H069,heldout-generator,heldout,family support/two-generation,Caregivers connected to at least two new community resources or public benefits.,12.5,12.5,12.5,12.3,agreed,0,F2.1,F1.6,F1.6,F2.1,contested,0,status|behavior,false, || v2: Resource/concrete-support connection has no clear home; splits between F1.6 (where to turn) and F2.1 (benefits). | Could also read as economic stability (F2.1); framed here as navigating to resources.,v2: rc1: connected to resources → F1.6.,high,proposed,,
H070,heldout-generator,heldout,food security,Households reported reduced food insecurity as measured by the USDA six-item screener.,12.6,12.6,12.6,,agreed,0,F2.2,F2.2,F2.2,,agreed,0,status,false,,,normal,proposed,,
H071,heldout-generator,heldout,food security,"The pantry distributed 50,000 pounds of food to 1,200 households this quarter.",10.5,10.5,10.5,12.6,agreed,0,A2.2,A2.2,A2.2,F2.2,agreed,0,output,false,10.5 defined for youth participation; non-youth service output fits imperfectly. || v2: Program counts never uncoded; route to A2.2.,,normal,proposed,,
H072,heldout-generator,heldout,food security,Families increased their weekly consumption of fresh fruits and vegetables.,12.6,12.6,12.6,7.1,agreed,0,F2.2,F2.2,F1.7,F2.2,agreed-then-rc1-revised,0,behavior,false," || v2: Household eating behavior has no F code; F2.2 covers access, Y10.3 is youth-only.",v2: rc1: household eating behavior → F1.7.,high,proposed,,
H073,heldout-generator,heldout,housing,Participants exited transitional housing into permanent housing and maintained it for at least six months.,12.7,12.7,12.7,12.5,agreed,0,F2.3,F2.3,F2.3,,agreed,0,status,false,,,normal,proposed,,
H074,heldout-generator,heldout,housing,Households reduced their rent burden to below 30% of income.,12.5,12.7,12.7,12.5,contested,0,F2.3,F2.3,F2.3,F2.1,agreed,0,status,false, || v2: Rent burden fits both housing stability (F2.3) and financial stability (F2.1); no tie-breaker. | Rent burden touches both housing stability and financial stability.,Housing cost burden: housing stability.,high,proposed,,
H075,heldout-generator,heldout,housing,Case managers helped clients complete and submit applications for housing choice vouchers.,12.7,12.5,12.7,12.5;10.5,contested,1,A2.2,F2.3,A2.2,F2.3,contested,0,output|behavior,false,"Staff service-activity statement; outcome vs output unclear. || v2: Staff-delivered service activity (not a count) has no clear home; A2.2, F1.6, F2.3 all partial. | Describes a staff-assisted process step rather than an achieved result; nearest home is F2.3.",A staff process step; no services-delivered code in v1. v2: rc1: services delivered → A2.2.,high,proposed,,
H076,heldout-generator,heldout,digital equity,Households received a laptop and broadband subsidy and reported increased ability to complete tasks online.,9.1 + 11.3,9.1 + 9.1,9.1,12.5,agreed,1,A2.3 + F1.5,A2.3 + F1.5,A2.3,F2.1,agreed,0,output,false,Digital literacy/skills have no subcategory. | No code for general digital-skill/capability gain; only resource access and digital citizenship/safety exist. || v2: Household technology receipt: who-changed rule points to Part F but only A2.3 names it. | Digital literacy for a whole household with no named caregiver; F1.5 is the nearest home.,,high,proposed,,
H077,heldout-generator,heldout,digital equity,"Participants improved their digital literacy skills, including email and video conferencing.",11.3,6.5,11.3,6.5,contested,1,F1.5,Y7.4,F1.5,Y7.4,contested,0,skill,false,Digital literacy has no subcategory. | No code covers general digital-literacy skill acquisition; only online safety/citizenship and resource access are named. || v2: Participant population unspecified; no youth digital literacy code (Y7.4 is computing). | No dedicated digital-literacy code for general participants (F1.5 is caregiver-specific); used nearest tech-skill code.,"General digital literacy has no home in v1. v2: Adult participants assumed (digital equity program); population unspecified, so human review needed.",high,proposed,,
H078,heldout-generator,heldout,digital equity,Older adults reported feeling less anxious using technology.,7.2,7.2,7.2,12.2,agreed,0,F1.5,F1.5,F1.5,Y11.1,agreed,1,attitude,false,"Older-adult population and tech anxiety are outside codebook scope. | Statement is about older adults, not youth; this codebook is youth-scoped so population doesn't clearly fit. || v2: No section for non-caregiver community adults (older adults); who-changed rule has no match. | No code covers general adult participants who are not caregivers or staff; digital equity + confidence weakly maps to F1.5.",,high,proposed,,
H079,heldout-generator,heldout,faith-based youth ministry,Youth grew in their faith and felt a stronger connection to their spiritual community.,5.2 + 2.1,5.4 + 2.1,5.4,5.2,contested,0,Y4.5 + Y2.1,Y4.5 + Y2.1,Y4.5,Y2.5;Y5.1,agreed,0,attitude,false,"Faith growth: 5.2 vs 5.4 both listed as routes, no rule. || v2: Faith growth could go to Y4.5 (spiritual purpose) or Y5.1 (faith-grounded values); no rule decides.",Faith growth routed to identity/purpose; plus 2.1.,high,proposed,,
H080,heldout-generator,heldout,faith-based youth ministry,Participants attended weekly youth group and volunteered at least once in the community this semester.,10.5 + 6.2,10.5 + 6.2,10.5,5.3,agreed,0,Y1.5 + Y5.4,A2.2 + Y5.4,Y1.5,A2.2;Y5.4,contested,0,behavior|output,false,,v2: Split: attendance (Y1.5) + volunteering (Y5.4).,high,proposed,,
H081,heldout-generator,heldout,faith-based youth ministry,Teens reported increased trust in adult mentors within the congregation.,2.2,2.2,2.2,2.1,agreed,0,Y2.2,Y2.2,Y2.2,Y2.5,agreed,0,attitude|status,false,,,normal,proposed,,
H082,heldout-generator,heldout,camps/4-H/scouting,"Campers demonstrated improved swimming proficiency, advancing at least one skill level.",7.1,11.3,7.1,11.3,contested,1,Y10.2,Y10.2,Y10.2,,agreed,0,skill,false,Physical skill acquisition not in 7.1 definition. | No code explicitly covers physical/sports skill proficiency growth; closest is general demonstrated learning.,Sport/swim skill has no home in v1.,high,proposed,,
H083,heldout-generator,heldout,camps/4-H/scouting,Youth reported making new friends and feeling a sense of belonging at camp.,2.3 + 2.1,2.3 + 2.1,2.3,2.1,agreed,0,Y2.3 + Y2.1,Y2.3 + Y2.1,Y2.3,Y2.1,agreed,0,status,false,,,normal,proposed,,
H084,heldout-generator,heldout,camps/4-H/scouting,4-H members completed their project record books and presented them at the county fair.,3.2.4 + 1.5,3.2.4 + 1.5,3.2.4,4.1,agreed,0,Y3.5 + Y3.9,Y3.5 + Y3.9,Y3.5,Y6.1,agreed,0,behavior|skill,false, || v2: Record-book completion is not clearly named by any subcategory; treated as organization/self-discipline.,,normal,proposed,,
H085,heldout-generator,heldout,health promotion,Adolescents increased their knowledge of nutrition and made healthier food choices in the school cafeteria.,7.1 + 7.1,7.1 + 7.1,7.1,11.3,agreed,0,Y10.3 + Y10.3,Y10.3 + Y10.3,Y10.3,Y10.5,agreed,0,knowledge,false,,,normal,proposed,,
H086,heldout-generator,heldout,health promotion,Participants reduced recreational screen time to less than 2 hours per day.,7.1,7.1,7.1,5.3,agreed,1,Y10.1,Y10.1,Y10.1,Y10.4,agreed,0,behavior,false,Screen time not named in 7.1. | Screen time isn't named in 7.1's examples (exercise/nutrition/hygiene) but is the closest health-behavior code.,,high,proposed,,
H087,heldout-generator,heldout,health promotion,See attached logic model for a full list of outcome measures.,none,none,none,,agreed,0,none,none,none,,agreed,0,none,true,,,normal,proposed,,
H088,heldout-generator,heldout,community/systems-change coalitions,Outcomes: Systems and Policy Change,none,none,none,10.3,agreed,0,none,none,none,A3.1,agreed,0,none,true,,,normal,proposed,,
H089,heldout-generator,heldout,community/systems-change coalitions,The coalition secured a new local ordinance restricting youth access to flavored tobacco products.,10.3,10.3,10.3,7.5,agreed,0,A3.1,A3.1,A3.1,Y12.2,agreed,0,status,false,,,normal,proposed,,
H090,heldout-generator,heldout,community/systems-change coalitions,Member organizations reported increased collaboration and shared data across systems serving youth.,10.3,10.3,10.3,10.1;10.2,agreed,0,A3.2,A3.2,A3.2,,agreed,0,behavior|status,false,,,normal,proposed,,
S001,V-047,design,disability_inclusion,Youth with disabilities will participate fully in program activities alongside their peers.,9.2,9.2,9.2,2.1,agreed,0,Y1.5,A2.4,Y1.5,A2.4,contested,0,behavior,false, || v2: Inclusion construct only in A2.4 (program-level); youth-level inclusive participation lacks a Y code.,v2: rc1: youth taking part in inclusive activities → Y1.5.,high,proposed,,
S002,N-026,design,health_promotion,Youth will be able to name three methods of preventing sexually transmitted infections.,7.6,7.6,7.6,11.3,agreed,0,Y10.6,Y10.6,Y10.6,Y10.5,agreed,0,knowledge,false,,,normal,proposed,,
S003,N-079,design,afterschool_ost,Youth will choose to return to the program for a second year.,10.5,10.5,10.5,2.1,agreed,0,Y1.5,Y1.5,Y1.5,A2.2,agreed,0,behavior,false,,,normal,proposed,,
S004,G-038,design,afterschool_ost,Youth will take turns leading their small group during project work.,6.3,3.4.2,3.4.2,6.3,contested,0,Y3.10,Y3.10,Y3.10,Y5.3,agreed,0,behavior|skill,false,,Leading peers inside a group task is a teamwork skill; 6.3 is about influencing decisions.,high,proposed,,
S005,G-033,design,civic_engagement,Youth will complete 20 hours of community service at local nonprofits.,6.2,6.2,6.2,10.5,agreed,0,Y5.4,Y5.4,Y5.4,A2.2,agreed,0,behavior,false,,,normal,proposed,,
S006,G-003,design,family_support,Parents will receive financial coaching and increase household savings.,12.5,12.5,12.5,,agreed,0,F2.1,F2.1,F2.1,Y9.6,agreed,0,status,false,,,normal,proposed,,
S007,V-054,design,school_based_mental_health,Youth will demonstrate increased willingness to seek help when struggling emotionally.,3.4.4,3.4.4,3.4.4,3.3.4,agreed,0,Y3.12,Y3.12,Y3.12,Y11.4,agreed,0,attitude,false,,,normal,proposed,,
S008,N-080,design,afterschool_ost,Students will say they feel proud to be part of the program.,2.1,2.1,2.1,1.1;5.4,agreed,0,Y1.1,Y1.1,Y1.1,Y2.1,agreed,0,attitude,false,,,normal,proposed,,
S009,V-045,design,immigrant_refugee,Refugee youth will develop a strong sense of both their heritage culture and their new community.,2.4 + 2.1,2.4 + 2.1,2.4,3.1.2;5.4,agreed,1,Y4.2 + Y2.1,Y4.2,Y4.2,Y4.1,agreed,0,attitude,false,No code for belonging/connection to the broader (non-program) community; 2.1 scoped to school/program.,,high,proposed,,
S010,N-102,design,general,Program staff will collect pre- and post-surveys from all participants.,none,none,none,,agreed,0,none,none,none,A2.2,agreed,0,none,true, || v2: Evaluation/data-collection note; explicitly uncoded per rule.,,normal,proposed,,
S011,N-103,design,general,Participants will benefit from high-quality programming.,none,none,none,,agreed,0,none,none,none,A2.1,agreed,0,none,true,,,normal,proposed,,
S012,G-028,design,faith_based,Youth will demonstrate honesty and integrity.,5.2,5.2,5.2,3.5.2,agreed,0,Y5.1,Y5.1,Y5.1,,agreed,0,behavior|attitude,false,,,normal,proposed,,
S013,N-041,design,environmental_outdoor,"Youth will take action to reduce waste at home, such as recycling and composting.",6.2,6.2,6.2,3.5.5,agreed,1,Y5.6,Y5.6,Y5.6,Y3.17,agreed,0,behavior,false,"No code for pro-environmental behavior at home; 6.2 is community service, 3.5.5 classroom. | No subcategory names individual environmental-stewardship behavior at home; forced into 6.2.",,high,proposed,,
S014,G-026,design,college_access,Seniors will complete college-level coursework to be ready for freshman year.,8.1,8.1,8.1,11.3;11.6,agreed,0,Y8.6,Y8.6,Y8.6,Y8.3,agreed,0,status,false,,,normal,proposed,,
S015,N-066,design,substance_prevention,Students will perceive greater risk of harm from regular marijuana use.,7.5,7.5,7.5,3.5.4,agreed,0,Y12.2,Y12.2,Y12.2,,agreed,0,attitude,false,,,normal,proposed,,
S016,V-062,design,faith_based,Youth will deepen their spiritual life and relationship with God.,5.4,5.4,5.4,5.2,agreed,0,Y4.5,Y4.5,Y4.5,Y5.1,agreed,0,attitude,false,No spiritual code; faith routing rule lists four options without guidance for relationship with God. || v2: Faith language points to both Y5.1 and Y4.5; no rule chooses.,,normal,proposed,,
S017,N-039,design,immigrant_refugee,Newcomer families will understand their rights regarding school enrollment regardless of immigration status.,6.1,6.1,6.1,12.1;9.1,agreed,1,F1.6,F1.6,F1.6,F3.3,agreed,0,knowledge,false,Caregiver civic/legal-rights knowledge has no Domain 12 home; 6.1 is youth-framed.,,high,proposed,,
S018,N-064,design,restorative_justice,Youth diverted from court will complete their restorative agreement.,7.8,7.8,7.8,11.6,agreed,0,Y12.4,Y12.4,Y12.4,,agreed,0,status,false,,,normal,proposed,,
S019,N-034,design,partnerships_systems,The city will allocate dedicated funding for summer youth employment in the annual budget.,10.3,10.3,10.3,9.1,agreed,0,A3.1,A3.1,A3.1,,agreed,0,status,false,,,normal,proposed,,
S020,V-028,design,workforce_cte,"Participants will earn an industry-recognized certification (OSHA-10, ServSafe, CPR).",8.6,8.6,8.6,8.8,agreed,0,Y9.4,Y9.4,Y9.4,Y10.5,agreed,0,status,false,,,normal,proposed,,
S021,V-064,design,faith_based,Youth will build a supportive peer community within the youth group.,2.3,2.3,2.3,2.1,agreed,0,Y2.3,Y2.3,Y2.3,Y2.1,agreed,0,behavior|status,false,,,normal,proposed,,
S022,V-075,design,early_childhood,Families will establish a consistent bedtime and daily routine at home.,12.4,12.4,12.4,12.1,agreed,0,F1.4,F1.4,F1.4,Y10.4,agreed,0,behavior,false,,,normal,proposed,,
S023,V-005,design,afterschool_ost,Program will maintain 85% average daily attendance across all sites.,10.5,10.5,10.5,11.5,agreed,0,A2.2,A2.2,A2.2,Y8.1,agreed,0,output,false,,,normal,proposed,,
S024,N-011,design,runaway_homeless_youth,Runaway youth will be reunified with family when it is safe to do so.,12.7,3.4.5,12.7,3.4.5,contested,1,Y2.4,Y2.4,Y2.4,F2.3,agreed,0,status,false,No code for family reunification/permanency for runaway youth. | No subcategory covers family reunification/living-situation outcomes for runaway/homeless youth.,Reunification/permanency has no home; closest is living-situation stability.,high,proposed,,
S025,V-072,design,early_childhood,"Children will demonstrate age-appropriate pre-literacy skills (letter recognition, phonemic awareness).",11.7,11.7,11.7,11.1,agreed,0,Y7.8,Y7.8,Y7.8,Y7.1,agreed,0,skill,false,,,normal,proposed,,
S026,V-007,design,mentoring,Mentees will report having a trusted adult they can go to with problems.,2.2,2.2,2.2,3.4.4,agreed,0,Y2.2,Y2.2,Y2.2,,agreed,0,status,false,,,normal,proposed,,
S027,G-029,design,afterschool_ost,Students will choose to report bullying they witness rather than join in.,3.5.2,7.7,3.5.2,7.7,contested,0,Y3.15,Y3.15,Y3.15,Y12.3,agreed,0,behavior,false,,A situational prosocial decision; 7.7 is incidence of bullying.,high,proposed,,
S028,V-042,design,immigrant_refugee,Youth will improve their English language proficiency.,11.4,11.4,11.4,,agreed,0,Y7.7,Y7.7,Y7.7,,agreed,0,skill,false,,,normal,proposed,,
S029,G-045,design,foster_care_transition,Youth aging out of foster care will secure stable housing by age 21.,12.7,12.7,12.7,,agreed,1,F2.3,F2.3,F2.3,,agreed,0,status,false,12.7 is framed as family housing; no code for independent youth housing.,,high,proposed,,
S030,G-060,design,general_education_tutoring,Students will receive fewer office discipline referrals for disruptive classroom behavior.,11.6,11.6,11.6,4.1;7.2,agreed,0,Y8.4,Y8.4,Y8.4,,agreed,0,status,false,Office discipline referrals fall between 11.6 (exclusionary discipline) and 7.2 (fewer disruptive behaviors); no rule decides.,,normal,proposed,,
S031,G-050,design,sports_recreation,Players will improve their dribbling and passing skills.,7.1,7.1,7.1,11.3,agreed,1,Y10.2,Y10.2,Y10.2,,agreed,0,skill,false,No code for sport-specific skill development. | No subcategory covers sport-specific skill development distinct from general physical activity.,,high,proposed,,
S032,N-035,design,disability_inclusion,Students with IEPs will lead their own IEP meetings by the end of the school year.,6.3,6.3,6.3,5.1;9.2,agreed,0,Y4.6,Y4.6,Y4.6,Y5.3,agreed,0,behavior|skill,false,,,normal,proposed,,
S033,N-058,design,youth_employment,Program graduates will be employed or in education six months after exit.,8.8 + 8.7,8.8 + 8.7,8.8,8.7,agreed,0,Y9.5,Y9.5,Y9.5,Y8.7,agreed,0,status,false,,,normal,proposed,,
S034,N-088,design,general_education_tutoring,Students will believe that their intelligence can grow with effort.,3.1.4,3.1.4,3.1.4,4.4,agreed,0,Y6.4,Y6.4,Y6.4,Y4.3,agreed,0,attitude,false, || v2: Intelligence growth mindset sits between general (Y4.3) and academic (Y6.4) growth mindset.,,normal,proposed,,
S035,V-038,design,housing_basic_needs,Families will reduce housing instability and report decreased stress related to housing insecurity.,12.7 + 12.2,12.7 + 12.2,12.7,7.2,agreed,0,F2.3 + F1.2,F2.3 + F1.2,F2.3,F2.1,agreed,0,status,false,,,normal,proposed,,
S036,N-046,design,stem_robotics,Girls in the program will increasingly see themselves as 'a STEM person.',3.1.2,3.1.2,3.1.2,4.4,agreed,1,Y4.7,Y4.7,Y4.7,Y1.3,agreed,0,attitude,false,No code for discipline/STEM identity.,,high,proposed,,
S037,N-008,design,foster_care_transition,Young adults will maintain their own apartment lease for 12 consecutive months.,12.7,12.7,12.7,,agreed,0,F2.3,F2.3,F2.3,Y9.7,agreed,0,status,false,12.7 framed as family; young adult independent housing.,,normal,proposed,,
S038,G-042,design,community,Youth will feel safe walking in their neighborhood.,5.1,5.1,5.1,2.1,agreed,0,Y12.1,Y12.1,Y12.1,Y2.1,agreed,0,attitude,false,5.1 label 'Empowerment & Safety' but definition is mattering/voice; example is neighborhood safety.,,normal,proposed,,
S039,N-093,design,civic_engagement,Youth council members will co-design program activities with staff.,6.3,6.3,6.3,5.1,agreed,0,Y5.3,Y5.3,Y5.3,Y4.6,agreed,0,behavior,false,,,normal,proposed,,
S040,N-014,design,teen_parents,Young mothers will complete all recommended well-child visits for their infant.,12.1,12.1,12.1,7.1;7.4,agreed,1,Y10.7,F1.1,F1.7,F1.1;Y10.7,contested,0,behavior,false,"No code for child health-care utilization. || v2: Teen parents are both youth and caregivers; who-changed rule unclear when youth act as parents for infant. | Teen mother is both youth and caregiver; construct is a parenting/caregiving practice for the infant, not the youth's own health.",v2: rc1: parenting before age; well-child visits kept by the parent → F1.7.,high,proposed,,
S041,N-038,design,immigrant_refugee,Parents with limited English proficiency will receive school communications in their home language.,10.4,10.4,10.4,9.1;9.2,agreed,0,F3.3,F3.3,F3.3,F3.1,agreed,0,status,false,,,normal,proposed,,
S042,V-001,design,afterschool_ost,Students will increase their homework completion rate from 60% to 85%.,4.1,4.1,4.1,11.5,agreed,0,Y6.1,Y6.1,Y6.1,Y8.3,agreed,0,behavior,false,,,normal,proposed,,
S043,V-041,design,housing_basic_needs,Case managers will report improved ability to navigate the county benefits system on behalf of clients.,10.1,10.1,10.1,12.5,agreed,0,A1.1,A1.1,A1.1,F1.6,agreed,0,skill,false,,,normal,proposed,,
S044,N-002,design,financial_capability,Participants will understand the difference between a debit card and a credit card and the cost of interest.,11.3,11.3,11.3,8.1,agreed,1,Y9.6,Y9.6,Y9.6,Y7.3,agreed,0,knowledge,false,No dedicated financial literacy code.,,high,proposed,,
S045,V-023,design,environmental_outdoor,Youth will develop a sense of stewardship and connection to nature.,5.2,5.2,5.2,1.1;6.2,agreed,1,Y5.6,Y5.6,Y5.6,,agreed,0,attitude,false,No code for environmental stewardship/connection to nature. | No subcategory names environmental stewardship/connection to nature.,,high,proposed,,
S046,V-052,design,school_based_mental_health,Students will report reduced symptoms of anxiety and depression.,7.2,7.2,7.2,,agreed,0,Y11.1,Y11.1,Y11.1,,agreed,0,status,false,,,normal,proposed,,
S047,V-008,design,mentoring,Match pairs will meet consistently for at least 12 months.,10.5,10.5,10.5,2.2,agreed,0,A2.2,A2.2,A2.2,Y2.2,agreed,0,output,false,,,normal,proposed,,
S048,V-087,design,general_education_tutoring,Students will improve reading fluency by one grade level.,11.1,11.1,11.1,,agreed,0,Y7.1,Y7.1,Y7.1,,agreed,0,skill,false,,,normal,proposed,,
S049,N-022,design,camp_4h_scouting,"Campers will try an activity that initially made them nervous, such as swimming in the lake.",3.1.4,3.1.4,3.1.4,1.2;3.2.2,agreed,0,Y1.2,Y1.2,Y1.2,Y4.3,agreed,0,behavior,false,,,normal,proposed,,
S050,G-005,design,general_education_tutoring,Students will accurately calculate percentages and interest in math class.,11.2,11.2,11.2,8.1,agreed,0,Y7.3,Y7.3,Y7.3,Y9.6,agreed,0,skill,false,,,normal,proposed,,
S051,N-013,design,teen_parents,Teen parents will stay enrolled in high school through the birth of their child.,11.5,11.5,11.5,11.6,agreed,0,Y8.2,Y8.2,Y8.2,Y8.5,agreed,0,status,false,,,normal,proposed,,
S052,G-040,design,prevention,Youth will resist peer pressure to use drugs or alcohol.,3.5.4,7.5,3.5.4,7.5,contested,0,Y3.16,Y3.16,Y3.16,Y12.2,agreed,0,skill,false,,Refusal skill (3.5.4 note: skill side of risk avoidance); 7.5 is incidence of use.,high,proposed,,
S053,V-033,design,family_support,Families will increase their knowledge of child development milestones.,12.1,12.1,12.1,,agreed,0,F1.1,F1.1,F1.1,,agreed,0,knowledge,false,,,normal,proposed,,
S054,V-019,design,sports_recreation,Youth will learn to work as part of a team to achieve a common goal.,3.4.2,3.4.2,3.4.2,2.3,agreed,0,Y3.10,Y3.10,Y3.10,Y2.3,agreed,0,skill,false,,,normal,proposed,,
S055,N-062,design,restorative_justice,Students will participate in restorative circles to repair harm instead of receiving a suspension.,3.4.3 + 11.6,3.4.3,3.4.3,11.6;3.5.2,agreed,0,Y8.4,Y8.4,Y8.4,Y12.4;Y3.11,agreed,0,behavior,false, || v2: Statement blends the activity (restorative circles) with an implied discipline outcome (avoided suspension); no rule clearly separates them.,,normal,proposed,,
S056,N-087,design,general_education_tutoring,Ninth graders will earn enough credits to be promoted to tenth grade.,11.6,11.6,11.6,,agreed,0,Y8.3,Y8.3,Y8.3,,agreed,0,status,false,,,normal,proposed,,
S057,V-093,design,general_education_tutoring,See logic model above.,none,none,none,,agreed,0,none,none,none,,agreed,0,none,true," || v2: Cross-reference fragment, not a codable outcome.",,normal,proposed,,
S058,N-095,design,arts_education,Youth will compose an original song.,1.4,1.4,1.4,1.5,agreed,0,Y7.6,Y7.6,Y7.6,,agreed,0,skill,false,,,normal,proposed,,
S059,V-025,design,environmental_outdoor,Youth will demonstrate leadership skills while leading a trail cleanup for the community.,6.3,6.3,6.3,6.2,agreed,0,Y3.10,Y3.10,Y3.10,Y5.4,agreed,1,skill,false," || v2: No general youth leadership code; Y3.10 covers only group-task leadership, Y5.3 only civic.",,high,proposed,,
S060,G-004,design,youth_employment,"Summer youth employees will earn an average of $2,400 in wages.",8.8,8.8,8.8,,agreed,0,Y9.5,Y9.5,Y9.5,F2.1,agreed,0,status,false,,,normal,proposed,,
S061,N-072,design,early_childhood,Infants and toddlers will receive developmental screenings and referrals as needed.,11.7,11.7,11.7,7.4,agreed,0,Y10.7,Y10.7,Y10.7,Y7.8,agreed,0,status,false,,,normal,proposed,,
S062,V-077,design,food_security,Families will report reduced food insecurity and increased access to healthy food.,12.6,12.6,12.6,,agreed,0,F2.2 + F2.2,F2.2,F2.2,F2.1,agreed,0,status,false,,,normal,proposed,,
S063,V-027,design,workforce_cte,Youth will complete a resume and practice interview skills.,8.3 + 8.5,8.3 + 8.5,8.3,8.5,agreed,0,Y9.2,Y9.2,Y9.2,Y9.3,agreed,0,behavior|skill,false,,,normal,proposed,,
S064,N-024,design,health_promotion,Participants will complete an annual dental and vision screening.,7.1,7.1,7.1,7.4;9.1,agreed,1,Y10.7,Y10.7,Y10.7,Y10.4,agreed,0,behavior,false,No code for physical health screening/service utilization. | No subcategory covers general physical health screenings (dental/vision) outside mental health services.,,high,proposed,,
S065,N-065,design,substance_prevention,Youth will report lower intentions to vape in the next year.,7.5,7.5,7.5,3.5.4,agreed,0,Y12.2,Y12.2,Y12.2,Y3.16,agreed,0,attitude,false,,,normal,proposed,,
S066,N-051,design,media_journalism,Youth will improve their persuasive writing skills.,11.1,11.1,11.1,11.3,agreed,1,Y7.2,Y7.2,Y7.2,Y7.9,agreed,0,skill,false,11.1 is reading-only; no code for writing skill.,,high,proposed,,
S067,G-009,design,school_based_mental_health,Students will report fewer symptoms of depression on the PHQ-9.,7.2,7.2,7.2,,agreed,0,Y11.1,Y11.1,Y11.1,,agreed,0,status,false,,,normal,proposed,,
S068,N-045,design,sports_recreation,"Children will develop fundamental movement skills such as running, jumping, throwing, and catching.",7.1,7.1,7.1,11.7,agreed,0,Y10.2,Y10.2,Y10.2,Y10.1,agreed,0,skill,false,,,normal,proposed,,
S069,G-008,design,school_based_mental_health,Students will learn and practice deep-breathing techniques to manage test anxiety.,3.2.2,3.2.2,3.2.2,3.2.1;7.2,agreed,0,Y3.3,Y3.3,Y3.3,Y6.3,agreed,0,skill,false,,,normal,proposed,,
S070,V-070,design,juvenile_justice_reentry,Youth will reconnect with family members and rebuild trust after a period of incarceration.,3.4.5,3.4.5,3.4.5,7.8,agreed,1,Y2.4,Y2.4,Y2.4,,agreed,0,behavior|status,false,No code for youth-family relationship repair.,,high,proposed,,
S071,N-082,design,school_based_mental_health,Students will report higher life satisfaction and a sense of flourishing.,1.1,1.1,1.1,5.4;7.2,agreed,1,Y11.2,Y11.2,Y11.2,,agreed,0,status,false,Mental-health 'health continuum' (flourishing) has no home; 7.2 covers only symptoms. || v2: Could be read as attitude (self-report of feeling) vs. status (condition); Y11 tie-breaker treats parallel construct (symptoms) as status.,,high,proposed,,
S072,G-014,design,general_education_tutoring,Students will believe their math ability can grow with effort and practice.,4.4,4.4,4.4,3.1.4,agreed,0,Y6.4,Y6.4,Y6.4,Y4.3,agreed,0,attitude,false,"Growth mindset assigned to 3.1.4, but academic-specific mindset per rule 3 goes to 4.4, whose definition is confidence only.",,normal,proposed,,
S073,N-061,design,violence_prevention,Outreach workers will mediate conflicts to prevent retaliatory shootings in the neighborhood.,7.7,7.7,7.7,10.1;10.2,agreed,0,Y12.3,A1.2,Y12.3,A1.2,contested,0,behavior,false,,v2: The outreach workers' mediation is the means; the outcome is fewer shootings.,high,proposed,,
S074,N-043,design,sports_recreation,"Players will improve their dribbling, passing, and shooting skills.",7.1,7.1,7.1,11.3,agreed,1,Y10.2,Y10.2,Y10.2,,agreed,0,skill,false,No code for sport-specific skill development. | No subcategory covers sport-specific skill development distinct from general physical activity.,,high,proposed,,
S075,N-029,design,program_quality,The organization will achieve accreditation from the state afterschool network.,10.3,10.3,10.3,10.5,agreed,0,A2.1,A2.1,A2.1,,agreed,0,status,false,,,normal,proposed,,
S076,V-065,design,faith_based,Youth will participate in a mission trip and serve people experiencing poverty.,6.2,6.2,6.2,5.3,agreed,0,Y5.4,Y5.4,Y5.4,Y1.5,agreed,0,behavior,false,,,normal,proposed,,
S077,V-013,design,arts_education,"Youth will present their artwork in a public exhibition, building pride and confidence.",1.5 + 3.1.4,1.5 + 3.1.4,1.5,3.1.4;5.4,agreed,0,Y7.6 + Y4.3,Y7.6 + Y4.3,Y7.6,Y3.9;Y4.4,agreed,0,behavior|skill,false,Exhibition is both a means and the 1.5 example; means-vs-result rule ambiguous here.,,normal,proposed,,
S078,G-059,design,school_based_mental_health,Youth who have experienced trauma will report feeling psychologically safe and supported in processing it.,7.3,7.3,7.3,7.2,agreed,0,Y11.3,Y11.3,Y11.3,Y2.1,agreed,0,attitude|status,false,,,normal,proposed,,
S079,G-007,design,afterschool_ost,Youth will use calming strategies when upset.,3.2.1,3.2.1,3.2.1,3.2.2,agreed,0,Y3.2,Y3.2,Y3.2,Y3.3,agreed,0,behavior|skill,false,,,normal,proposed,,
S080,V-006,design,afterschool_ost,"Students will try new enrichment activities they've never done before (cooking, coding, art).",1.2,1.2,1.2,5.3,agreed,0,Y1.2,Y1.2,Y1.2,Y1.5,agreed,0,behavior,false,,,normal,proposed,,
S081,N-054,design,college_access,Seniors will be able to compare financial aid award letters and calculate net cost.,8.3,8.3,8.3,11.2,agreed,0,Y9.2,Y9.2,Y9.2,Y9.6,agreed,0,skill,false,,,normal,proposed,,
S082,G-041,design,mentoring,Youth will express gratitude toward family and mentors.,5.2,5.2,5.2,2.2;3.1.1,agreed,1,Y3.6,Y3.6,Y3.6,Y2.4,agreed,0,behavior,false,No code for gratitude.,,high,proposed,,
S083,V-081,design,food_security,Volunteers will report a greater understanding of food insecurity issues in their community after serving at the food pantry.,6.4,6.4,6.4,10.1;6.1,agreed,0,A1.1,A1.1,A1.1,A3.3,agreed,0,knowledge,false,Volunteer learning about social issues (not youth support) fits neither 10.1 nor youth-framed 6.4 cleanly. || v2: Volunteers are adults; A1.1 is the nearest home though the scope is usually program staff/mentors.,,normal,proposed,,
S084,N-055,design,college_access,Alumni will complete a bachelor's degree within six years.,8.7,8.7,8.7,,agreed,0,Y8.7,Y8.7,Y8.7,,agreed,0,status,false,,,normal,proposed,,
S085,G-048,design,general_education_tutoring,Participating students will have fewer out-of-school suspensions.,11.6,11.6,11.6,7.7,agreed,0,Y8.4,Y8.4,Y8.4,,agreed,0,status,false,,,normal,proposed,,
S086,V-009,design,mentoring,Youth will set and work toward a personal goal with support from their mentor.,3.2.3,3.2.3,3.2.3,2.2,agreed,0,Y3.4,Y3.4,Y3.4,Y2.2,agreed,0,behavior|skill,false,,,normal,proposed,,
S087,V-048,design,disability_inclusion,Staff will increase their knowledge of inclusive practices and accommodations for youth with diverse abilities.,10.1,10.1,10.1,10.2,agreed,0,A1.1,A1.1,A1.1,A2.4,agreed,0,knowledge,false,,,normal,proposed,,
S088,N-099,design,juvenile_justice_reentry,Youth will avoid a new adjudication while on probation.,7.8,7.8,7.8,,agreed,0,Y12.4,Y12.4,Y12.4,,agreed,0,status,false,,,normal,proposed,,
S089,G-001,design,financial_literacy,Youth will create and follow a monthly personal budget.,3.2.4,11.3,3.2.4,11.3;11.2,contested,1,Y9.6,Y9.6,Y9.6,Y9.7,agreed,0,behavior,false,No financial capability code.,Youth financial capability has no home (proposed 8.9).,high,proposed,,
S090,N-096,design,arts_education,Students will connect a historical artwork to their own cultural experience.,1.5,1.5,1.5,2.4,agreed,0,Y7.6,Y7.6,Y7.6,Y4.2,agreed,0,skill,false, || v2: Responding to art (NCAS) vs. cultural identity affirmation both plausible.,,normal,proposed,,
S091,V-092,design,general_education_tutoring,N/A,none,none,none,,agreed,0,none,none,none,,agreed,0,none,true, || v2: Not a codable statement.,,normal,proposed,,
S092,N-003,design,financial_capability,Teens earning summer wages will deposit at least 25% of each paycheck into a savings account.,12.5,12.5,12.5,3.2.4,agreed,1,Y9.6,Y9.6,Y9.6,F2.1,agreed,0,behavior,false,"No youth financial capability/savings code; 12.5 is household-level. | 12.5 is scoped to household/family economic stability, not an individual youth's own savings behavior.",,high,proposed,,
S093,V-017,design,sports_recreation,Youth will improve physical fitness and cardiovascular endurance.,7.1,7.1,7.1,,agreed,0,Y10.1,Y10.1,Y10.1,,agreed,0,status,false,,,normal,proposed,,
S094,N-025,design,health_promotion,Students with asthma will reduce emergency room visits through improved self-management.,7.1,7.1,7.1,7.4,agreed,1,Y10.7,Y10.7,Y10.7,Y10.5,agreed,0,status,false,No code for chronic disease self-management or physical health care utilization. | No subcategory covers chronic physical-condition self-management or related healthcare utilization.,,high,proposed,,
S095,G-002,design,youth_savings,Participants will open a savings account and make regular deposits.,12.5,12.5,12.5,9.1,agreed,1,Y9.6,Y9.6,Y9.6,,agreed,0,behavior,false,"No youth financial capability/savings code. | 12.5 is scoped to household/family economic stability, not an individual youth's own banking behavior.",,high,proposed,,
S096,V-039,design,housing_basic_needs,Youth experiencing homelessness will maintain school enrollment and attendance despite housing disruptions.,11.5,11.5,11.5,,agreed,0,Y8.2 + Y8.1,Y8.2,Y8.2,Y8.1,agreed,0,status,false,,,normal,proposed,,
S097,V-026,design,environmental_outdoor,Students will identify careers in environmental science and conservation.,8.4,8.4,8.4,11.3,agreed,0,Y9.1,Y9.1,Y9.1,Y5.6,agreed,0,knowledge,false,,,normal,proposed,,
S098,V-044,design,immigrant_refugee,Parents will access interpretation and translation services to communicate with teachers.,2.5,2.5,2.5,10.4;9.1,agreed,0,F3.3,F3.3,F3.3,,agreed,0,behavior|status,false,,,normal,proposed,,
S099,N-067,design,mentoring,Mentees will expand their professional network by connecting with at least three adults in careers of interest.,8.4,8.4,8.4,2.2;8.5,agreed,1,Y2.5,Y2.5,Y2.5,Y9.1,agreed,0,behavior|status,false,No code for social capital/professional networks.,,high,proposed,,
S100,N-086,design,general_education_tutoring,Third graders will read on grade level by the end of the year.,11.1,11.1,11.1,11.7,agreed,0,Y7.1,Y7.1,Y7.1,Y8.3,agreed,0,skill,false,,,normal,proposed,,
S101,N-032,design,partnerships_systems,The school district will adopt a policy guaranteeing afterschool transportation for all students.,10.3,10.3,10.3,9.1,agreed,0,A3.1,A3.1,A3.1,,agreed,0,status,false,,,normal,proposed,,
S102,N-005,design,foster_care_transition,"Youth aging out of foster care will have at least one permanent, caring adult connection by age 21.",2.2,2.2,2.2,3.4.5,agreed,0,Y2.2,Y2.2,Y2.2,Y2.4,agreed,0,status,false,,,normal,proposed,,
S103,V-074,design,early_childhood,Children will demonstrate improved self-regulation and ability to follow classroom routines.,3.2.1 + 4.1,3.2.1 + 4.1,3.2.1,3.3.3,agreed,0,Y3.2 + Y3.8,Y3.2 + Y3.8,Y3.2,Y3.5,agreed,0,skill,false,,,normal,proposed,,
S104,N-047,design,stem_robotics,Students will apply the engineering design process to build and test a prototype.,11.3,11.3,11.3,1.4,agreed,0,Y7.4,Y7.4,Y7.4,,agreed,0,skill,false,,,normal,proposed,,
S105,N-001,design,financial_capability,Youth will track their spending for four weeks and identify one change to their habits.,3.2.4,3.2.4,3.2.4,11.3;3.5.3,agreed,0,Y9.6,Y9.6,Y9.6,,agreed,0,behavior,false,No financial capability code.,,normal,proposed,,
S106,G-046,design,family_support,Families will enroll in SNAP and other public benefits they are eligible for.,12.5,12.5,12.5,,agreed,0,F2.1,F2.1,F2.1,F2.2,agreed,0,status|behavior,false,,,normal,proposed,,
S107,G-054,design,digital_equity,Youth will learn to protect their personal information online.,6.5,6.5,6.5,,agreed,0,Y5.7,Y5.7,Y5.7,Y7.9,agreed,0,knowledge|skill,false,,,normal,proposed,,
S108,N-021,design,camp_4h_scouting,Scouts will learn wilderness first aid and outdoor safety skills.,7.7,3.5.4,3.5.4,7.7,contested,1,Y10.5,Y10.5,Y10.5,Y7.10,agreed,0,skill,false,No subcategory covers safety-skill/first-aid training specifically.,First-aid/outdoor safety skills: no health-and-safety skills code.,high,proposed,,
S109,N-044,design,sports_recreation,Athletes will maintain passing grades to remain eligible for the team.,11.6,4.1,11.6,4.1,contested,1,Y8.3,Y8.3,Y8.3,Y1.5,agreed,0,status,false,No code for grades/GPA.,Course failures are part of the on-track indicator; no GPA/grades code.,high,proposed,,
S110,V-057,design,civic_engagement,Youth will identify a community issue and develop an action plan to address it.,6.2,6.3,6.2,6.3;3.5.3,contested,0,Y5.4,Y5.3,Y5.4,Y5.3,contested,0,skill,false,,Planning action on a community issue is civic action. v2: rc1: identifying an issue and planning action → Y5.4.,high,proposed,,
S111,N-089,design,general_education_tutoring,Students will ask questions in class and participate in discussions.,4.1,4.1,4.1,1.2,agreed,0,Y6.1,Y6.1,Y6.1,Y1.2,agreed,0,behavior,false,,,normal,proposed,,
S112,V-046,design,immigrant_refugee,Newcomer students will reduce social isolation and build friendships with peers who share similar experiences.,2.3,2.3,2.3,7.2,agreed,0,Y2.1 + Y2.3,Y2.3,Y2.3,Y2.1,contested,0,attitude|status,false, || v2: Isolation reduction could also read as belonging (Y2.1); friendship is the more specific term.,v2: Named friendships → Y2.3 (split: isolation → Y2.1).,high,proposed,,
S113,N-036,design,disability_inclusion,"The program will provide accommodations (sensory kits, visual schedules) so all youth can participate.",9.2,9.2,9.2,9.1,agreed,0,A2.4,A2.4,A2.4,A2.3,agreed,0,output,false,,,normal,proposed,,
S114,V-055,design,school_based_mental_health,Students identified as high-risk will be connected to community mental health providers for ongoing care.,7.4,7.4,7.4,3.3.4,agreed,0,Y11.4,Y11.4,Y11.4,Y11.1,agreed,0,status,false,,,normal,proposed,,
S115,G-036,design,general_education_tutoring,Students will explain how algebra relates to careers they are interested in.,1.3,1.3,1.3,8.4,agreed,0,Y1.4,Y1.4,Y1.4,Y7.3;Y9.1,agreed,0,knowledge|attitude,false,,,normal,proposed,,
S116,V-011,design,mentoring,Youth will feel like someone believes in them.,2.2,2.2,2.2,3.1.4;5.1,agreed,0,Y2.2,Y2.2,Y2.2,Y2.1,agreed,0,attitude,false,,,normal,proposed,,
S117,G-052,design,college_access,Seniors will submit at least three college applications and the FAFSA.,8.3,8.3,8.3,8.7,agreed,0,Y9.2,Y9.2,Y9.2,Y8.7,agreed,0,behavior,false,,,normal,proposed,,
S118,N-074,design,family_support,Parents will complete their GED or enroll in job training.,12.5,11.6 + 8.6,12.5,11.6;8.6,contested,1,F1.5,F1.5,F1.5,,agreed,0,status,false,No code for caregiver education attainment. | Domains 8/11 are written with student examples; applying them to a parent's own GED/training is a stretch.,Caregiver own education/training has no home.,high,proposed,,
S119,G-022,design,early_childhood,Parents will read with their child at home at least three nights per week.,12.4,12.4,12.4,12.1,agreed,0,F1.4,F1.4,F1.4,F1.1,agreed,0,behavior,false,,,normal,proposed,,
S120,N-006,design,foster_care_transition,"Transition-age youth will obtain their birth certificate, Social Security card, and state ID before exiting care.",8.3,8.3,8.3,12.5,agreed,1,Y9.7,Y9.7,Y9.7,,agreed,0,behavior|status,false,No code for independent-living/vital documents. | No subcategory covers independent-living/vital-document readiness for youth exiting foster care.,,high,proposed,,
S121,N-027,design,health_promotion,Students will increase daily consumption of fruits and vegetables.,7.1,7.1,7.1,,agreed,0,Y10.3,Y10.3,Y10.3,,agreed,0,behavior,false,,,normal,proposed,,
S122,N-085,design,school_based_mental_health,Students will be able to name three trusted adults or resources they can contact in a mental health crisis.,3.3.4,3.3.4,3.3.4,2.2,agreed,0,Y3.12,Y3.12,Y3.12,Y11.4,agreed,0,knowledge,false,,,normal,proposed,,
S123,V-059,design,civic_engagement,Youth will articulate how systemic racism affects their community and advocate for policy change.,6.4 + 6.3,6.4 + 6.3,6.4,6.3,agreed,0,Y5.5 + Y5.3,Y5.5 + Y5.3,Y5.5,Y5.3,agreed,0,knowledge,false,,,normal,proposed,,
S124,V-066,design,faith_based,Youth will report a stronger sense of purpose and belonging within their faith community.,5.4 + 2.1,5.4 + 2.1,5.4,3.1.4;5.1,agreed,0,Y4.5 + Y2.1,Y4.5 + Y2.1,Y4.5,Y5.1,agreed,0,attitude,false,,,normal,proposed,,
S125,G-051,design,faith_based,Youth will grow in their faith and live out their values.,5.4 + 5.2,5.2,5.2,5.4,contested,0,Y4.5 + Y5.1,Y5.1,Y5.1,Y4.5,contested,0,attitude,false,No spiritual code. || v2: Faith language routed to nearest construct per rule; Y4.5 (purpose/meaning) also plausible.,Faith routing to values; spiritual growth itself has no home. v2: Live out values → Y5.1; grow in faith → Y4.5.,high,proposed,,
S126,N-075,design,family_support,Caregivers will build friendships with other parents in the program.,12.3,12.3,12.3,2.5,agreed,0,F1.3,F1.3,F1.3,,agreed,0,status|behavior,false,,,normal,proposed,,
S127,V-036,design,family_support,Parents will attend at least 4 family workshops during the program year.,10.5,10.5,10.5,2.5,agreed,0,F3.2,A2.2,F3.2,A2.2,contested,0,behavior|output,false, || v2: F3.2 vs A2.2 rule unclear for per-parent attendance thresholds. | Ambiguous per tie-breaker between dosage count (A2.2) and family engagement framing (F3.2); specific count leans toward dosage.,v2: rc1: a per-person threshold framed as family engagement → F3.2.,high,proposed,,
S128,G-034,design,stem_robotics,Students will ask questions and show curiosity during science demonstrations.,1.2,1.2,1.2,1.1,agreed,0,Y1.2,Y1.2,Y1.2,Y6.1,agreed,0,behavior|attitude,false,,,normal,proposed,,
S129,N-017,design,lgbtq_youth,Youth will report greater self-acceptance of their sexual orientation and gender identity.,2.4,2.4,2.4,3.1.2;5.4,agreed,0,Y4.2,Y4.2,Y4.2,Y4.4,agreed,0,attitude,false,"2.4 defined around heritage/culture; LGBTQ self-acceptance straddles 2.4, 3.1.2 and 5.4 with no rule. | 2.4 example is heritage-scoped; LGBTQ identity affirmation not explicitly covered.",,normal,proposed,,
S130,G-056,design,general,Participants will show growth in the following areas:,none,none,none,,agreed,0,none,none,none,,agreed,0,none,true, || v2: Header/fragment introducing a list.,,normal,proposed,,
S131,N-016,design,lgbtq_youth,LGBTQ+ youth will report feeling safe and affirmed in program spaces.,2.1,2.1,2.1,5.1,agreed,0,Y2.1,Y2.1,Y2.1,Y4.2,agreed,0,attitude,false,Felt safety in program: 5.1 label includes Safety but 5.1 note routes program belonging to 2.1.,,normal,proposed,,
S132,N-020,design,camp_4h_scouting,4-H members will demonstrate public speaking skills by giving a demonstration at the county fair.,3.4.1,1.5,3.4.1,1.5,contested,0,Y3.9,Y3.9,Y3.9,Y7.6,agreed,0,skill,false,Public speaking skill has no explicit home; split between 3.4.1 and 1.5 presenting.,Public speaking is the skill; the fair demonstration is the means.,high,proposed,,
S133,G-030,design,afterschool_ost,"Youth will use a step-by-step process to identify a problem, brainstorm solutions, and act on one.",3.5.3,3.5.3,3.5.3,3.5.1,agreed,0,Y3.14,Y3.14,Y3.14,,agreed,0,skill,false,,,normal,proposed,,
S134,G-044,design,violence_prevention,Youth will be involved in fewer physical fights.,7.7,7.7,7.7,3.4.3,agreed,0,Y12.3,Y12.3,Y12.3,Y8.4,agreed,0,behavior|status,false,,,normal,proposed,,
S135,V-032,design,family_support,Parents will report increased confidence in their parenting skills.,12.1,12.1,12.1,12.2,agreed,1,F1.1,F1.1,F1.1,F1.2,agreed,0,attitude,false,Parenting self-efficacy/confidence not explicitly covered by 12.1 or 12.2. | No subcategory for caregiver parenting self-efficacy/confidence specifically.,,high,proposed,,
S136,V-060,design,civic_engagement,Youth organizers will present testimony to the city council on a policy issue affecting their neighborhood.,6.3,6.3,6.3,6.1,agreed,0,Y5.3,Y5.3,Y5.3,Y3.9,agreed,0,behavior,false,,,normal,proposed,,
S137,G-006,design,afterschool_ost,Youth will report enjoying program activities.,1.1,1.1,1.1,,agreed,0,Y1.1,Y1.1,Y1.1,A2.5,agreed,0,attitude,false,,,normal,proposed,,
S138,V-030,design,workforce_cte,Interns will report increased understanding of workplace culture and expectations at their internship site.,8.5,8.5,8.5,3.3.3,agreed,0,Y9.3,Y9.3,Y9.3,Y3.8,agreed,0,knowledge,false,,,normal,proposed,,
S139,V-040,design,housing_basic_needs,"Families will connect with case management and access public benefits (SNAP, TANF, Medicaid).",12.5,12.5,12.5,,agreed,0,F2.1,F2.1,F2.1,F1.6,agreed,0,status,false,,,normal,proposed,,
S140,V-014,design,arts_education,Students will use art as a healthy outlet for processing emotions.,3.2.2,3.2.2,3.2.2,1.4,agreed,0,Y3.3,Y3.3,Y3.3,Y3.2,agreed,0,behavior|skill,false, || v2: Art is the means/setting; the coping-with-stress construct is the closest named subcategory.,,normal,proposed,,
S141,N-018,design,lgbtq_youth,LGBTQ+ youth will report fewer experiences of harassment at school after the GSA launch.,7.7,7.7,7.7,5.1,agreed,0,Y12.3,Y12.3,Y12.3,Y2.1,agreed,0,status,false,,,normal,proposed,,
S142,V-021,design,sports_recreation,Coaches will report improved ability to de-escalate conflicts between players during games.,10.1,10.1,10.1,10.2,agreed,0,A1.1,A1.1,A1.1,A1.2,agreed,0,skill,false,,,normal,proposed,,
S143,N-040,design,immigrant_refugee,Refugee youth will maintain fluency in their home language while learning English.,11.4 + 11.4,2.4 + 11.4,2.4,11.4,contested,1,Y7.7,Y7.7,Y7.7,,agreed,0,skill,false,11.4 label says Multilingual Development but definition covers only English acquisition; home-language maintenance has no clear home. | No subcategory names heritage/home-language maintenance directly.,Home-language maintenance has no home; 11.4 definition covers English only.,high,proposed,,
S144,N-042,design,environmental_outdoor,Participants will report feeling calmer and more restored after time spent in nature.,1.1,1.1,1.1,7.2,agreed,0,Y11.2,Y11.2,Y11.2,Y5.6,agreed,0,attitude,false,,,normal,proposed,,
S145,V-063,design,faith_based,Youth will develop a personal set of moral values grounded in their faith tradition.,5.2,5.2,5.2,5.4,agreed,0,Y5.1,Y5.1,Y5.1,Y4.5,agreed,0,attitude,false,,,normal,proposed,,
S146,V-010,design,mentoring,Mentors will report increased confidence in their ability to support youth from different cultural backgrounds.,10.1,10.1,10.1,,agreed,0,A1.1,A1.1,A1.1,A1.2,agreed,1,attitude,false, || v2: No A1 code names staff confidence/self-efficacy; A1.1 covers only knowledge and skills. | No A-domain code names adult cultural-competence confidence specifically; nearest is A1.1.,,high,proposed,,
S147,N-090,design,general_education_tutoring,Students will score proficient on the state science assessment.,11.3,11.3,11.3,8.1,agreed,0,Y7.4,Y7.4,Y7.4,Y8.3,agreed,0,knowledge,false,,,normal,proposed,,
S148,N-083,design,school_based_mental_health,School counselors will implement a universal SEL screener.,10.2,10.2,10.2,10.3,agreed,0,A1.2,A1.2,A1.2,A3.1,agreed,0,behavior,false,,,normal,proposed,,
S149,N-030,design,program_quality,Staff turnover will decrease to below 20% annually.,10.3,10.3,10.3,10.5,agreed,1,A1.3,A1.3,A1.3,,agreed,0,status,false,No subcategory covers staff retention/workforce stability; 10.5 is youth participation. | No subcategory covers staff retention/turnover specifically.,,high,proposed,,
S150,N-050,design,media_journalism,Student reporters will publish at least two articles in the community newspaper.,1.5,1.5,1.5,1.4,agreed,0,Y7.2,Y7.2,Y7.2,Y3.9;Y5.3,agreed,0,behavior|skill,false,,,normal,proposed,,
S151,N-037,design,disability_inclusion,Youth with disabilities will transition into competitive integrated employment after high school.,8.8,8.8,8.8,8.6,agreed,0,Y9.5,Y9.5,Y9.5,,agreed,0,status,false,,,normal,proposed,,
S152,V-031,design,workforce_cte,Youth will explore at least three career pathways aligned to their interests using labor market data.,8.4,8.4,8.4,,agreed,0,Y9.1,Y9.1,Y9.1,Y1.4,agreed,0,behavior,false,,,normal,proposed,,
S153,N-073,design,early_childhood,Home visitors will observe increased positive parent-child interactions.,12.1,12.1,12.1,12.4,agreed,0,F1.1,F1.1,F1.1,,agreed,0,behavior,false,,,normal,proposed,,
S154,N-033,design,partnerships_systems,Neighborhood residents will report increased trust in one another and willingness to intervene for youth safety.,12.3,5.1,10.3,12.3,contested,1,A3.3,A3.3,A3.3,Y12.1,agreed,0,attitude|status,false,No home for community-level social cohesion/collective efficacy among residents. | No code for community-level collective efficacy among residents (not youth-specific).,Community collective efficacy has no home.,high,proposed,,
S155,N-049,design,media_journalism,Youth will evaluate the credibility of online news sources and identify misinformation.,8.2,8.2,8.2,6.5,agreed,1,Y7.9,Y7.9,Y7.9,Y5.7,agreed,0,skill,false,Media literacy fits 8.2 example but 8.2 is scoped to college/career; 6.5 is safety-focused. | No explicit media-literacy/misinformation subcategory.,,high,proposed,,
S156,N-063,design,restorative_justice,Out-of-school suspensions will decrease by 30% at partner schools.,11.6,11.6,11.6,10.3,agreed,0,Y8.4,Y8.4,Y8.4,A3.1,agreed,0,status,false,,,normal,proposed,,
S157,G-020,design,family_support,Families will report trusting program staff and feeling welcome at the center.,2.5,2.5,2.5,,agreed,0,F3.1,F3.1,F3.1,F3.2,agreed,0,attitude,false,,,normal,proposed,,
S158,G-011,design,sports_recreation,Youth will feel more confident trying new challenges.,3.1.4,3.1.4,3.1.4,5.4,agreed,0,Y4.3,Y4.3,Y4.3,Y1.2,agreed,0,attitude,false,,,normal,proposed,,
S159,N-048,design,stem_robotics,Participants will enroll in an advanced STEM course the following school year.,4.1,1.3,4.1,1.3;11.6,contested,1,Y8.6,Y8.6,Y8.6,Y1.3,agreed,0,behavior|status,false,No home for advanced course-taking / STEM pathway continuation. | No code for sustained interest leading to future course enrollment.,Advanced course-taking / sustained STEM interest has no home (proposed 1.6).,high,proposed,,
S160,V-067,design,juvenile_justice_reentry,Youth will reduce recidivism and avoid re-arrest within 12 months of program completion.,7.8,7.8,7.8,,agreed,0,Y12.4,Y12.4,Y12.4,,agreed,0,status,false,,,normal,proposed,,
S161,N-101,design,workforce_cte,Youth will demonstrate safe use of tools in the construction trades lab.,8.6,8.6,8.6,3.5.4,agreed,0,Y9.4,Y9.4,Y9.4,Y10.5,agreed,0,skill,false,,,normal,proposed,,
S162,N-019,design,camp_4h_scouting,Campers will demonstrate increased independence in self-care tasks away from home.,3.2.4,3.2.4,3.2.4,3.1.4;7.1,agreed,1,Y9.7,Y9.7,Y9.7,Y10.4,agreed,0,skill,false,No home for independent living/self-care skills. | No code for general self-care/independent-living skills outside foster-care context.,,high,proposed,,
S163,G-043,design,afterschool_ost,Students will feel safe and accepted at the program.,2.1,2.1,2.1,5.1,agreed,0,Y2.1,Y2.1,Y2.1,Y12.1,agreed,0,attitude,false,,,normal,proposed,,
S164,N-077,design,family_support,Parents will serve on the program's family advisory council.,2.5,2.5,2.5,10.4,agreed,0,F3.2,F3.2,F3.2,Y5.3,agreed,0,behavior,false,Parent participation in program governance (Epstein decision-making) sits between 2.5 and 10.4.,,normal,proposed,,
S165,V-073,design,early_childhood,Parents will read to their child at least 3 times per week.,12.4,12.4,12.4,12.1,agreed,0,F1.4,F1.4,F1.4,F1.1,agreed,0,behavior,false,,,normal,proposed,,
S166,N-057,design,youth_employment,Apprentices will complete a registered apprenticeship program.,8.6,8.6,8.6,8.7,agreed,0,Y9.4,Y9.4,Y9.4,,agreed,0,status,false,,,normal,proposed,,
S167,N-097,design,faith_based,Youth will practice forgiveness in their relationships with family and friends.,3.4.5,3.4.5,3.4.5,5.2,agreed,0,Y5.1,Y5.1,Y5.1,Y2.4,agreed,0,behavior,false,,,normal,proposed,,
S168,N-004,design,financial_capability,Students will be able to read a pay stub and explain payroll deductions.,11.3,11.3,11.3,8.5,agreed,1,Y9.6,Y9.6,Y9.6,Y7.3,agreed,0,skill,false,No financial literacy subcategory despite Mathematics subject area listing it. | No specific financial-literacy subcategory exists.,,high,proposed,,
S169,V-015,design,arts_education,Participants will collaborate with peers on a group theater production.,3.4.2,3.4.2,3.4.2,1.4,agreed,0,Y3.10,Y3.10,Y3.10,Y7.6,agreed,0,behavior|skill,false,,,normal,proposed,,
S170,V-056,design,school_based_mental_health,"Students will show improved emotional regulation, reduced disciplinary referrals, and better peer relationships.",3.2.1 + 11.6 + 2.3,3.2.1 + 11.6 + 2.3,3.2.1,7.2,agreed,0,Y3.2 + Y8.4 + Y2.3,Y3.2 + Y8.4 + Y2.3,Y3.2,Y3.3,agreed,0,skill,false,Office disciplinary referrals are not exclusionary discipline; split between 11.6 and 7.2 behavioral symptoms.,,normal,proposed,,
S171,V-029,design,workforce_cte,"Youth will demonstrate punctuality, professional communication, and appropriate workplace attire.",8.5,8.5,8.5,,agreed,0,Y9.3,Y9.3,Y9.3,,agreed,0,behavior|skill,false,,,normal,proposed,,
S172,V-068,design,juvenile_justice_reentry,Youth will develop skills to resist peer pressure and avoid risky behaviors.,3.5.4,3.5.4,3.5.4,7.5,agreed,0,Y3.16,Y3.16,Y3.16,Y12.2,agreed,0,skill,false,,,normal,proposed,,
S173,V-076,design,early_childhood,Parents will increase their understanding of child developmental milestones and appropriate expectations.,12.1,12.1,12.1,,agreed,0,F1.1,F1.1,F1.1,,agreed,0,knowledge,false,,,normal,proposed,,
S174,N-028,design,program_quality,Sites will improve their Youth Program Quality Assessment scores in the interaction and engagement domains.,10.2,10.5,10.2,10.3,contested,1,A2.1,A2.1,A2.1,,agreed,0,status,false,,Program quality has no home; YPQA misapplied to 10.5.,high,proposed,,
S175,N-069,design,mentoring,Mentees will report that their mentor challenges them to keep improving.,2.2,2.2,2.2,3.1.4,agreed,0,Y2.2,Y2.2,Y2.2,,agreed,0,attitude,false,,,normal,proposed,,
S176,G-021,design,family_support,The program will create a family advisory board with parent representatives.,10.4,10.4,10.4,2.5,agreed,0,F3.2,F3.2,F3.2,A3.1,agreed,0,output,false, || v2: Actor is the program (Part A by who-changed) but construct is family participation in decisions (F3.2).,,normal,proposed,,
S177,V-003,design,afterschool_ost,Participants will build new friendships with peers from different schools and grade levels.,2.3,2.3,2.3,3.4.5,agreed,0,Y2.3,Y2.3,Y2.3,Y3.7,agreed,0,status|behavior,false,,,normal,proposed,,
S178,N-052,design,college_access,First-generation students will persist into their second year of college.,8.7,8.7,8.7,,agreed,0,Y8.7,Y8.7,Y8.7,,agreed,0,status,false,,,normal,proposed,,
S179,V-004,design,afterschool_ost,"Youth will demonstrate improved frustration tolerance during homework time, leading to more assignments completed on time.",3.2.2 + 4.1,3.2.1 + 4.1,3.2.1,3.2.2,contested,0,Y3.2 + Y6.1,Y3.2 + Y6.1,Y3.2,Y6.2,agreed,0,skill,false,,Frustration tolerance is emotion regulation; split with 4.1 homework completion.,high,proposed,,
S180,V-018,design,sports_recreation,Athletes will demonstrate good sportsmanship (win or lose gracefully).,5.2,5.2,5.2,3.3.3;3.5.2,agreed,1,Y5.1,Y5.1,Y5.1,Y3.15,agreed,0,behavior|attitude,false,"Sportsmanship fits 5.2, 3.5.2 or 3.2.1 with no clear rule.",,high,proposed,,
S181,V-034,design,family_support,Parents will report feeling more connected to their child's school community.,2.5,2.5,2.5,12.3,agreed,0,F3.1,F3.1,F3.1,F1.3,agreed,0,attitude,false,2.5 is family-program relationship; connection to school community not program.,,normal,proposed,,
S182,V-058,design,civic_engagement,Youth will register to vote and participate in local elections.,6.3,6.1,6.3,6.1;6.2,contested,1,Y5.3 + Y5.3,Y5.3,Y5.3,Y5.2,agreed,0,behavior,false,No explicit home for electoral participation/voting. | No code specifically names voting/electoral participation as an action.,Electoral participation is not named anywhere.,high,proposed,,
S183,N-068,design,mentoring,Mentors will complete 6 hours of pre-match training.,10.5,10.1,10.5,10.1,contested,0,A2.2,A2.2,A2.2,A1.1,agreed,0,output,false,10.5 defined for youth program dosage; adult training dosage unclear between 10.5 and 10.1.,"Hours of training completed is dosage, not a stated knowledge gain.",high,proposed,,
S184,V-061,design,civic_engagement,Youth will complete 20 hours of community service through park cleanups and food drives.,6.2,6.2,6.2,3.5.5,agreed,0,Y5.4,Y5.4,Y5.4,A2.2,agreed,0,behavior,false,,,normal,proposed,,
S185,V-022,design,environmental_outdoor,Youth will increase their knowledge of local ecosystems and environmental science concepts.,11.3,11.3,11.3,,agreed,0,Y7.4,Y7.4,Y7.4,Y5.6,agreed,0,knowledge,false,,,normal,proposed,,
S186,V-051,design,disability_inclusion,Youth will build friendships with both disabled and non-disabled peers in an inclusive setting.,2.3,2.3,2.3,3.3.2,agreed,0,Y2.3,Y2.3,Y2.3,Y3.7,agreed,0,status,false,,,normal,proposed,,
S187,V-078,design,food_security,Youth will increase their knowledge of nutrition and healthy cooking skills.,7.1 + 7.1,7.1 + 7.1,7.1,12.6,agreed,1,Y10.3 + Y10.3,Y10.3 + Y10.3,Y10.3,Y9.7,agreed,0,knowledge,false,No subcategory for culinary/cooking skill (analogous to codebook's own 'knife skills' low-confidence example).,,high,proposed,,
S188,N-053,design,college_access,Students will visit at least three college campuses before senior year.,8.3,8.3,8.3,8.4,agreed,0,Y9.1,Y9.2,Y9.1,Y9.2,contested,0,behavior,false,,v2: rc1: college visits → Y9.1.,high,proposed,,
S189,V-069,design,juvenile_justice_reentry,Youth will successfully complete probation requirements and court-ordered conditions.,7.8,7.8,7.8,,agreed,0,Y12.4,Y12.4,Y12.4,,agreed,0,status,false,,,normal,proposed,,
S190,G-053,design,college_access,Graduates will enroll in a two- or four-year college the fall after high school.,8.7,8.7,8.7,,agreed,0,Y8.7,Y8.7,Y8.7,,agreed,0,status,false,,,normal,proposed,,
S191,N-007,design,foster_care_transition,Youth in extended foster care will enroll in health insurance through Medicaid until age 26.,12.5,12.5,12.5,7.4,agreed,1,Y10.7,Y10.7,Y10.7,F2.1,agreed,0,status,false,Domain 12 framed as caregiver/household; youth's own benefits enrollment has no clear home.,,high,proposed,,
S192,N-070,design,early_childhood,Children will demonstrate fine motor skills such as holding a pencil and using scissors.,11.7,11.7,11.7,7.1,agreed,0,Y10.2,Y10.2,Y10.2,Y7.8,agreed,0,skill,false,11.7 source note names only Language/Literacy and Cognition; physical/motor development not addressed. | 11.7 emphasizes literacy/cognition milestones; fine motor skill not explicitly listed.,,normal,proposed,,
S193,N-076,design,family_support,Parents will report knowing where to turn for help in a crisis.,12.5,3.3.4,12.5,12.3;3.3.4,contested,0,F1.6,F1.6,F1.6,F1.3,agreed,0,knowledge,false,3.3.4 examples are youth-focused; no caregiver-specific analog exists in Domain 12.,CSSP Concrete Support in Times of Need.,high,proposed,,
S194,G-017,design,afterschool_ost,New students will make at least two friends in the program.,2.3,2.3,2.3,,agreed,0,Y2.3,Y2.3,Y2.3,Y2.1,agreed,0,status|behavior,false,,,normal,proposed,,
S195,N-031,design,partnerships_systems,The coalition will establish a shared data system across five youth-serving agencies.,10.3,10.3,10.3,,agreed,0,A3.2,A3.2,A3.2,A3.1,agreed,0,status|output,false,,,normal,proposed,,
S196,V-082,design,digital_equity,Families will receive a laptop and home internet access.,9.1,9.1,9.1,10.5,agreed,0,A2.3,A2.3,A2.3,F1.5,agreed,0,output,false," || v2: Who-changed rule sends households to Part F, but only A2.3 names technology/connectivity access.",,normal,proposed,,
S197,N-094,design,arts_education,Students will critique a peer's artwork using the language of the discipline.,1.5,1.5,1.5,1.4,agreed,0,Y7.6,Y7.6,Y7.6,Y3.6,agreed,0,skill,false,,,normal,proposed,,
S198,V-037,design,housing_basic_needs,"Families will secure stable, safe housing within 90 days of program enrollment.",12.7,12.7,12.7,,agreed,0,F2.3,F2.3,F2.3,,agreed,0,status,false,,,normal,proposed,,
S199,G-049,design,arts_education,Students will develop technical proficiency on their chosen instrument.,11.3,1.4,11.3,1.4,contested,1,Y7.6,Y7.6,Y7.6,,agreed,0,skill,false,Arts technical skill development has no explicit home.,Artistic technique has no explicit home (live run also chose 11.3).,high,proposed,,
S200,N-012,design,runaway_homeless_youth,Youth experiencing homelessness will reduce nights spent on the street or in unsafe locations.,12.7,12.7,12.7,11.5;5.1,agreed,0,F2.3,F2.3,F2.3,Y12.1,agreed,0,status,false,Housing stability framed around families; unaccompanied youth housing not addressed.,,normal,proposed,,
S201,N-056,design,youth_employment,Summer youth employees will receive a positive supervisor evaluation.,8.5,8.8,8.5,8.8,contested,0,Y9.3,Y9.3,Y9.3,Y9.5,agreed,0,status,false,,"A supervisor evaluation measures workplace skills, not employment status.",high,proposed,,
S202,V-090,design,general_education_tutoring,Students will demonstrate increased confidence in their academic abilities.,4.4,4.4,4.4,3.1.4,agreed,0,Y6.4,Y6.4,Y6.4,Y4.3,agreed,0,attitude,false,,,normal,proposed,,
S203,G-027,design,environmental_outdoor,Youth will learn about local watershed ecology.,11.3,11.3,11.3,,agreed,0,Y7.4,Y7.4,Y7.4,Y5.6,agreed,0,knowledge,false,,,normal,proposed,,
S204,G-047,design,school_based_mental_health,Staff will adopt trauma-informed practices in their classrooms.,10.2,10.2,10.2,7.3,agreed,0,A1.2,A1.2,A1.2,,agreed,0,behavior,false,,,normal,proposed,,
S205,N-023,design,health_promotion,Youth will get at least eight hours of sleep on school nights.,7.1,7.1,7.1,,agreed,1,Y10.4,Y10.4,Y10.4,Y10.1,agreed,0,behavior,false,"Sleep health not named in 7.1. | Sleep is not named in 7.1's definition (exercise, nutrition, hygiene); no dedicated sleep code.",,high,proposed,,
S206,V-085,design,digital_equity,Family members will increase their digital literacy and confidence using technology for telehealth and school portals.,12.5,6.5,12.5,9.1;6.5,contested,1,F1.5 + F1.5,F1.5,F1.5,A2.3,agreed,0,skill,false,No home for caregiver digital literacy. | No subcategory covers caregiver digital-literacy skill-building specifically.,Caregiver digital skills have no home.,high,proposed,,
S207,V-020,design,sports_recreation,Participants will reduce screen time and increase physical activity outside of program hours.,7.1 + 7.1,7.1,7.1,5.3,agreed,0,Y10.1 + Y10.1,Y10.1 + Y10.1,Y10.1,Y10.4,agreed,0,behavior,false,,,normal,proposed,,
S208,V-088,design,general_education_tutoring,Students will improve their math problem-solving skills and grade-level proficiency.,11.2,11.2,11.2,,agreed,0,Y7.3,Y7.3,Y7.3,Y3.14,agreed,0,skill,false, || v2: Both clauses describe the same math-proficiency construct.,,normal,proposed,,
S209,G-031,design,sports_recreation,Youth will resolve disagreements with peers without fighting.,3.4.3,3.4.3,3.4.3,7.7,agreed,0,Y3.11,Y3.11,Y3.11,Y12.3,agreed,0,behavior|skill,false,,,normal,proposed,,
S210,V-080,design,food_security,Families will reduce reliance on emergency food assistance over time.,12.6,12.6,12.6,12.5,agreed,0,F2.2,F2.2,F2.2,F2.1,agreed,0,status,false,,,normal,proposed,,
S211,G-037,design,civic_engagement,Youth council members will present policy recommendations to city council.,6.3,6.3,6.3,6.1,agreed,0,Y5.3,Y5.3,Y5.3,Y3.9,agreed,0,behavior,false,,,normal,proposed,,
S212,N-084,design,school_based_mental_health,Students who experienced trauma will report feeling safe at school.,7.3,7.3,7.3,2.1,agreed,0,Y2.1,Y2.1,Y2.1,Y12.1,agreed,0,attitude,false,"7.3 includes feeling psychologically safe, but rule 1 sends felt safety to Domain 2; no tie-breaker. || v2: Y12.1 definition includes 'at school', but tie-breaker sends school-specific safety to Y2.1; contradictory. | School-specific felt safety per tie-breaker.",,normal,proposed,,
S213,V-016,design,arts_education,Youth will discover a new passion for dance.,1.2,1.2,1.2,1.3,agreed,1,Y1.3,Y1.3,Y1.3,Y7.6,agreed,0,attitude,false,Developed/individual interest (Hidi phase 2-4) has no clear subcategory.,,high,proposed,,
S214,G-035,design,stem_robotics,"Youth will continue pursuing robotics after the program ends, joining a school team.",5.3,5.3,5.3,1.3,agreed,0,Y1.3,Y1.3,Y1.3,Y1.5,agreed,0,behavior,false,,,normal,proposed,,
S215,V-084,design,digital_equity,"Youth will demonstrate safe and responsible online behavior, including recognizing scams and protecting personal information.",6.5,6.5,6.5,,agreed,0,Y5.7,Y5.7,Y5.7,Y7.9,agreed,0,behavior,false,,,normal,proposed,,
S216,G-012,design,general_education_tutoring,Students will believe they can pass their algebra class.,4.4,4.4,4.4,,agreed,0,Y6.4,Y6.4,Y6.4,Y4.3,agreed,0,attitude,false,,,normal,proposed,,
S217,G-057,design,general,Improve outcomes for students.,none,none,none,,agreed,0,none,none,none,,agreed,0,none,true, || v2: Too vague to code per the codebook's own example.,,normal,proposed,,
S218,N-098,design,juvenile_justice_reentry,Youth will secure a job within 90 days of release.,8.8,8.8,8.8,7.8,agreed,0,Y9.5,Y9.5,Y9.5,Y12.4,agreed,0,status,false,,,normal,proposed,,
S219,N-100,design,workforce_cte,Students will earn college credit through dual enrollment in a CTE pathway.,8.7,8.7,8.7,11.6;8.6,agreed,0,Y8.6,Y8.6,Y8.6,Y9.4,agreed,0,status,false,Dual-enrollment college credit sits between 8.7 and 11.6 credit accumulation.,,normal,proposed,,
S220,N-071,design,early_childhood,Children will show persistence and curiosity when working on puzzles and new tasks.,4.2 + 1.2,3.2.4 + 1.2,4.2,3.2.4;1.2,contested,0,Y6.2 + Y1.2,Y6.2 + Y1.2,Y6.2,Y3.5,agreed,0,behavior|skill,false,"11.7 note routes Approaches-to-Learning (incl. curiosity) to Domain 4, conflicting with 1.2 curiosity.","Per 11.7 note, early-childhood approaches to learning route to Domain 4; split curiosity to 1.2.",high,proposed,,
S221,V-089,design,general_education_tutoring,Students will increase their use of effective study strategies such as note-taking and test preparation.,4.3,4.3,4.3,,agreed,0,Y6.3,Y6.3,Y6.3,Y6.1,agreed,0,behavior,false,,,normal,proposed,,
S222,N-078,design,afterschool_ost,Students will report that there is an adult at the program who notices when they are absent.,2.2,2.2,2.2,,agreed,0,Y2.2,Y2.2,Y2.2,Y2.1,agreed,0,attitude,false,,,normal,proposed,,
S223,N-092,design,civic_engagement,Youth will stand up for classmates who are being treated unfairly.,3.5.2,3.5.2,3.5.2,6.4,agreed,0,Y5.5,Y3.15,Y3.15,Y5.5,contested,0,behavior,false, || v2: Y5.5 (standing up against injustice) and Y3.15 (reporting bullying) both fit; no tie-breaker.,v2: rc1: standing up for a peer in a specific situation → Y3.15.,high,proposed,,
S224,N-009,design,foster_care_transition,"Youth will demonstrate independent living skills such as cooking, budgeting, and scheduling appointments.",3.2.4,3.2.4,3.2.4,12.5,agreed,1,Y9.7,Y9.7,Y9.7,Y9.6,agreed,0,skill,false,"No home for independent living skills. | No subcategory covers independent-living skills (cooking, budgeting, appointments) as a bundle.",,high,proposed,,
S225,N-010,design,runaway_homeless_youth,Youth staying at the shelter will exit to a safe and stable housing situation.,12.7,12.7,12.7,5.1,agreed,0,F2.3,F2.3,F2.3,,agreed,0,status,false,Housing stability framed for families; youth shelter exits not addressed.,,normal,proposed,,
S226,G-058,design,faith_based,Youth will participate in a church-led service trip to rebuild homes.,6.2,6.2,6.2,5.3,agreed,0,Y5.4,Y5.4,Y5.4,,agreed,0,behavior,false,,,normal,proposed,,
S227,G-032,design,afterschool_ost,Youth will help set up and clean up the program space each day.,3.5.5,3.5.5,3.5.5,6.2,agreed,0,Y3.17,Y3.17,Y3.17,Y5.4,agreed,0,behavior,false,,,normal,proposed,,
S228,V-086,design,digital_equity,Program will distribute 200 refurbished laptops to low-income families this year.,9.1,9.1,9.1,10.5,agreed,0,A2.2,A2.3,A2.3,A2.2,contested,0,output,false,Resource distribution count ambiguous between 9.1 and 10.5 output. || v2: Program counts of distributed resources fit A2.2 (counts) and A2.3 (providing technology); no tie-breaker.,v2: rc1: counts of resources distributed → A2.3.,high,proposed,,
S229,N-060,design,violence_prevention,Participants will report carrying a weapon less often.,7.7,7.7,7.7,3.5.4,agreed,0,Y12.3,Y12.3,Y12.3,,agreed,0,behavior,false,,,normal,proposed,,
S230,G-016,design,stem_robotics,Team members will collaborate to design and build a robot.,3.4.2,1.4,3.4.2,1.4,contested,0,Y3.10,Y3.10 + Y7.4,Y3.10,Y7.4,agreed,0,behavior|skill,false,,Collaboration is the result; building the robot is the activity.,high,proposed,,
S231,V-050,design,disability_inclusion,Families of children with disabilities will report reduced caregiver stress and burnout.,12.2,12.2,12.2,,agreed,0,F1.2,F1.2,F1.2,,agreed,0,status,false,,,normal,proposed,,
S232,V-083,design,digital_equity,Youth will develop coding and computational thinking skills.,11.3,11.3,11.3,8.6,agreed,0,Y7.4,Y7.4,Y7.4,,agreed,0,skill,false,,,normal,proposed,,
S233,G-024,design,general_education_tutoring,Participating students will reduce chronic absenteeism from school.,11.5,11.5,11.5,,agreed,0,Y8.1,Y8.1,Y8.1,,agreed,0,behavior|status,false,,,normal,proposed,,
S234,V-002,design,afterschool_ost,Youth will report feeling excited and happy to attend program each day.,1.1,1.1,1.1,2.1,agreed,0,Y1.1,Y1.1,Y1.1,Y2.1,agreed,0,attitude,false,,,normal,proposed,,
S235,G-018,design,general_education_tutoring,Students will turn in homework on time.,4.1,4.1,4.1,3.2.4,agreed,0,Y6.1,Y6.1,Y6.1,Y3.5,agreed,0,behavior,false,,,normal,proposed,,
S236,V-049,design,disability_inclusion,Youth will develop self-advocacy skills to communicate their needs and accommodations.,3.4.4,3.4.4,3.4.4,3.4.1;6.3,agreed,1,Y4.6,Y4.6,Y4.6,Y3.9,agreed,0,skill,false,Self-advocacy lacks explicit subcategory.,,high,proposed,,
S237,V-053,design,school_based_mental_health,Students will develop coping strategies for managing stress.,3.2.2,3.2.2,3.2.2,,agreed,0,Y3.3,Y3.3,Y3.3,,agreed,0,skill,false,,,normal,proposed,,
S238,G-023,design,afterschool_ost,The program will serve 300 youth across four sites.,10.5,10.5,10.5,,agreed,0,A2.2,A2.2,A2.2,,agreed,0,output,false,,,normal,proposed,,
S239,G-010,design,disability_inclusion,Caregivers of children with autism will report reduced parenting stress.,12.2,12.2,12.2,7.2,agreed,0,F1.2,F1.2,F1.2,F1.1,agreed,0,status,false,,,normal,proposed,,
S240,G-055,design,digital_equity,Every participating family will have a working laptop and home internet.,9.1,9.1,9.1,12.5,agreed,0,A2.3,A2.3,A2.3,F1.5;F2.1,agreed,1,status,false, || v2: Household is who changed (Part F) but no F code covers household technology/connectivity access; A2.3 is program provision. | No clean code for family tech access as an outcome vs. program provision.,,high,proposed,,
S241,V-071,design,juvenile_justice_reentry,Youth will re-enroll in school or obtain a GED following release.,11.6,11.6,11.6,7.8,agreed,0,Y8.5,Y8.5,Y8.5,,agreed,0,status,false,,,normal,proposed,,
S242,N-081,design,afterschool_ost,Youth will practice gratitude by writing thank-you notes to community volunteers.,5.2,5.2,5.2,3.5.2;3.5.5,agreed,1,Y3.6,Y3.6,Y3.6,Y5.1,agreed,0,behavior,false,"Gratitude not named in any definition. | Gratitude is not one of the listed value examples (integrity, honesty, responsibility).",,high,proposed,,
S243,G-015,design,mentoring,Youth will adopt a growth mindset when facing setbacks.,3.1.4,3.1.4,3.1.4,4.2,agreed,0,Y4.3,Y4.3,Y4.3,Y6.4,agreed,0,attitude,false,,,normal,proposed,,
S244,V-091,design,general_education_tutoring,Tutors (college volunteers) will strengthen their own communication and mentoring skills through the experience.,10.1,10.1,10.1,8.5,agreed,0,A1.1,A1.1,A1.1,,agreed,0,skill,false,,,normal,proposed,,
S245,V-035,design,family_support,Caregivers will demonstrate use of positive discipline strategies at home.,12.1,12.1,12.1,,agreed,0,F1.1,F1.1,F1.1,,agreed,0,behavior,false,,,normal,proposed,,
S246,G-025,design,mentoring,Mentees will report that their mentor cares about them.,2.2,2.2,2.2,,agreed,0,Y2.2,Y2.2,Y2.2,Y2.1,agreed,0,attitude,false,,,normal,proposed,,
S247,V-079,design,food_security,Participants will grow and harvest vegetables in the community garden.,7.1,7.1,7.1,12.6;6.2,agreed,1,Y7.10,Y7.10,Y7.10,Y5.6,agreed,0,behavior|skill,false,Gardening/food-growing activity stated as outcome has no home. | No subcategory covers gardening/agricultural skill-building specifically. || v2: Gardening is the codebook's own example for this extension category.,,high,proposed,,
S248,N-059,design,violence_prevention,Youth will be able to identify warning signs of dating violence.,7.7,7.7,7.7,3.5.4;7.6,agreed,0,Y12.3,Y12.3,Y12.3,Y10.6,agreed,0,knowledge,false,,,normal,proposed,,
S249,G-019,design,general_education_tutoring,Students will improve reading comprehension scores by one grade level.,11.1,11.1,11.1,,agreed,0,Y7.1,Y7.1,Y7.1,Y8.3,agreed,0,skill,false,,,normal,proposed,,
S250,G-013,design,faith_based,Youth will develop a sense of purpose for their lives.,5.4,5.4,5.4,3.1.2,agreed,0,Y4.5,Y4.5,Y4.5,,agreed,0,attitude,false,,,normal,proposed,,
S251,N-015,design,teen_parents,Teen parents will delay a second pregnancy for at least 24 months.,7.6,7.6,7.6,,agreed,0,Y10.6,Y10.6,Y10.6,F1.1,agreed,0,behavior|status,false,,,normal,proposed,,
S252,V-043,design,immigrant_refugee,Families will navigate school enrollment and special education processes despite language barriers.,6.1,9.2,9.2,6.1;12.5,contested,1,F1.6,F1.6,F1.6,F3.3,agreed,0,behavior,false,6.1 fits navigating systems but is youth civic; Domain 12 lacks caregiver system-navigation.,Family system navigation has no home (deferred).,high,proposed,,
S253,G-039,design,workforce_cte,Interns will demonstrate leadership and initiative in the workplace.,8.5,8.5,8.5,6.3,agreed,0,Y9.3,Y9.3,Y9.3,Y3.10,agreed,0,behavior|skill,false," || v2: Explicitly framed around work, so Y9.3 per tie-breaker.",,normal,proposed,,
S254,N-091,design,civic_engagement,Youth will explain how a bill becomes a law in their state.,6.1,6.1,6.1,,agreed,0,Y5.2,Y5.2,Y5.2,Y7.5,agreed,0,knowledge,false,,,normal,proposed,,
S255,V-024,design,environmental_outdoor,"Participants will build confidence in outdoor physical skills (hiking, kayaking, rock climbing).",3.1.4,3.1.4,3.1.4,7.1,agreed,0,Y4.3,Y4.3,Y4.3,Y10.2,agreed,1,attitude,false, || v2: Skill-specific confidence has no home; Y4.3 is general confidence. | Statement centers on confidence rather than the skills themselves.,,high,proposed,,
