gold_id,set,outcome_text,v3_gold,v3_suggested,v3_alternates,via_v2,via_2x,needs_review,review_reason,codebook_gap,expected_uncoded,adjudication_note,status,adjudicated_by,adjudicated_on
H001,heldout,85% of enrolled youth attended at least 30 program sessions during the school year.,,"A2.5 Participation, Dosage & Reach (Output)",Y2.6 Participation in Enriching Activities,A2.5,A2.5,no,,0,false,,proposed,,
H002,heldout,"Parents reported feeling more confident that their child has a safe, supervised place to go after school.",A2.2 Participant & Family Satisfaction,A2.2 Participant & Family Satisfaction,F1.8 Family Connection & Trust with the Program,A2.2,F1.8,yes,v2 and 2.x routes disagree,0,false,,adjudicated,Severin,2026-09-26
H003,heldout,Youth who attended the program regularly improved their homework completion habits.,,Y1.9 Academic Engagement Behaviors,"Y4.3 Goal-Setting, Organization & Self-Discipline",Y1.9,Y1.9,no,,0,false,,proposed,,
H004,heldout,Students reading below grade level increased their oral reading fluency by an average of 12 words per minute.,,Y1.1 Literacy: Reading & Writing,,Y1.1,Y1.1,no,,0,false,,proposed,,
H005,heldout,Tutors completed 40 hours of training and began weekly one-on-one sessions with assigned students.,"A2.5 Participation, Dosage & Reach (Output)","A2.5 Participation, Dosage & Reach (Output)",A1.1 Staff & Volunteer Knowledge & Skills,A2.5,A1.1,yes,v2 and 2.x routes disagree,0,false,Severin: this is an output that speaks to preparation for the tutors (staff) of the program.  I am not sure if A2.5 totally covers that or not.,adjudicated,Severin,2026-09-26
H006,heldout,Youth feel more confident reading aloud in front of their class.,,Y1.12 Academic Mindsets & Self-Efficacy,Y4.6 Communication & Public Speaking | Y1.1 Literacy: Reading & Writing,Y1.12,Y1.12,no,,0,false,,proposed,,
H007,heldout,70% of participants reported increased interest in pursuing a career in a STEM field.,,Y7.1 Career Awareness & Exploration,Y2.3 Sustained & Individual Interest,Y7.1,Y7.1,no,,0,false,,proposed,,
H008,heldout,Youth designed and built a functioning robot and presented it at the regional competition.,"Y1.4 Science, Technology & Engineering","Y1.4 Science, Technology & Engineering","Y2.5 Creative Expression & Performance | Y4.7 Teamwork, Collaboration & Group Leadership",Y1.4,Y2.5,yes,v2 and 2.x routes disagree,0,false,,adjudicated,Severin,2026-09-26
H009,heldout,Girls' enrollment in advanced STEM electives at partner schools increased 15% over the prior year.,Y1.16 Advanced Coursework & Dual Credit,Y1.16 Advanced Coursework & Dual Credit,"A2.4 Inclusion, Accommodations & Language Access | A2.5 Participation, Dosage & Reach (Output)",Y1.16,A2.4,yes,v2 and 2.x routes disagree,0,false,,adjudicated,Severin,2026-09-26
H010,heldout,Participants demonstrated improved technical skill on their instrument as measured by a jury assessment.,Y1.6 Arts Learning,Y1.6 Arts Learning,Y1.5 Other Academic Subjects | Y5.3 Domain Identity,Y1.6,Y1.5,yes,v2 and 2.x routes disagree; 2.x code 1.3 was split,0,false,,adjudicated,Severin,2026-09-26
H011,heldout,The program presented 12 community performances this season.,,"A2.5 Participation, Dosage & Reach (Output)",,A2.5,A2.5,no,,0,false,,proposed,,
H012,heldout,Youth reported feeling more comfortable expressing themselves creatively and made new friends in the program.,Y2.5 Creative Expression & Performance,"Y5.4 Confidence, Self-Efficacy & Self-Worth","Y5.4 Confidence, Self-Efficacy & Self-Worth",Y5.4,Y2.5,yes,v2 and 2.x routes disagree,0,false,Severin: This is really two separate outcomes in a single statement. The outcomes coder should split them and code them individually.,adjudicated,Severin,2026-09-26
H013,heldout,Participants increased their weekly physical activity to at least 60 minutes on 5 or more days.,Y8.1 Healthy Daily Habits,Y8.1 Healthy Daily Habits,,Y8.1,Y8.1,yes,2.x code 8.1 was split,0,false,,adjudicated,Severin,2026-09-26
H014,heldout,Coaches learned to lead a new conflict-resolution curriculum during pre-season training.,,A1.1 Staff & Volunteer Knowledge & Skills,A1.2 Practice Change,A1.1,A1.1,no,,0,false,,proposed,,
H015,heldout,Youth showed improved sportsmanship and teamwork during games.,,Y6.1 Positive Values & Character,Y4.11 Ethical & Prosocial Choices,Y6.1,Y6.1,no,,0,false,,proposed,,
H016,heldout,85% of mentor-mentee matches remained active for at least 12 months.,,"A2.5 Participation, Dosage & Reach (Output)",Y3.2 Supportive Adult Relationships,A2.5,A2.5,no,,0,false,,proposed,,
H017,heldout,Mentees reported a stronger sense of belonging and connection to a caring adult.,,Y3.1 Belonging & Mattering,Y3.2 Supportive Adult Relationships,Y3.1,Y3.1,no,,0,false,,proposed,,
H018,heldout,"Youth-mentor pairs met weekly, and mentees' school attendance improved over the program year.",,Y1.13 Attendance & School Stability,"A2.5 Participation, Dosage & Reach (Output)",Y1.13,Y1.13,no,,0,false,,proposed,,
H019,heldout,Seniors submitted the FAFSA and at least one college application by January 1.,,Y7.2 College & Career Transition Knowledge,"Y1.18 Postsecondary Enrollment, Persistence & Completion",Y7.2,Y7.2,no,,0,false,,proposed,,
H020,heldout,90% of participants enrolled in a two- or four-year college the fall after graduation.,,"Y1.18 Postsecondary Enrollment, Persistence & Completion",,Y1.18,Y1.18,no,,0,false,,proposed,,
H021,heldout,"Students increased their understanding of the financial aid process, including grants and loans.",,Y7.2 College & Career Transition Knowledge,,Y7.2,Y7.2,no,,0,false,,proposed,,
H022,heldout,Youth obtained subsidized summer employment and completed at least 120 paid work hours.,,Y7.5 Employment & Earnings,"Y7.4 Technical Skills, Credentials & Work-Based Learning",Y7.5,Y7.5,no,,0,false,,proposed,,
H023,heldout,Participants demonstrated improved workplace communication and professionalism.,,Y7.3 Employability & Workplace Skills,Y4.6 Communication & Public Speaking,Y7.3,Y7.3,no,,0,false,,proposed,,
H024,heldout,75% of program graduates were employed or enrolled in postsecondary education six months after completion.,,Y7.5 Employment & Earnings,"Y1.18 Postsecondary Enrollment, Persistence & Completion",Y7.5,Y7.5,no,,0,false,,proposed,,
H025,heldout,Participants opened a savings account within three months of completing the workshop.,,Y7.6 Financial Capability,"F2.1 Income, Benefits & Financial Stability",Y7.6,Y7.6,no,,0,false,,proposed,,
H026,heldout,"Youth increased their knowledge of budgeting, credit, and saving as measured by a pre/post quiz.",,Y7.6 Financial Capability,,Y7.6,Y7.6,no,,0,false,,proposed,,
H027,heldout,Families reported feeling more confident managing household finances.,,"F2.1 Income, Benefits & Financial Stability",,F2.1,F2.1,no,,0,false,,proposed,,
H028,heldout,Youth organizers led a campaign that resulted in a new city ordinance extending youth curfew hours during summer months.,,"Y6.4 Civic Voice, Leadership & Participation",A3.1 Policy & Institutional Change,Y6.4,Y6.4,no,,0,false,,proposed,,
H029,heldout,Participants increased their knowledge of the voter registration process and registered eligible peers.,,Y6.2 Civic Knowledge,"Y6.4 Civic Voice, Leadership & Participation",Y6.2,Y6.2,no,,0,false,,proposed,,
H030,heldout,Youth reported an increased sense that they can influence decisions in their community.,,"Y6.4 Civic Voice, Leadership & Participation","Y5.4 Confidence, Self-Efficacy & Self-Worth | Y5.6 Agency, Self-Determination & Self-Advocacy",Y6.4,Y6.4,no,,0,false,,proposed,,
H031,heldout,Students correctly identified 80% more native plant and animal species on post-program assessments compared to pre-tests.,"Y1.4 Science, Technology & Engineering","Y1.4 Science, Technology & Engineering",Y1.5 Other Academic Subjects | Y6.6 Environmental Stewardship,Y1.4,Y1.5,yes,v2 and 2.x routes disagree; 2.x code 1.3 was split,0,false,,adjudicated,Severin,2026-09-26
H032,heldout,Youth completed a 3-day backpacking expedition and demonstrated leadership in group decision-making.,"Y4.7 Teamwork, Collaboration & Group Leadership","Y4.7 Teamwork, Collaboration & Group Leadership","Y6.4 Civic Voice, Leadership & Participation | Y4.10 Decision-Making & Problem-Solving",Y4.7,Y6.4,yes,v2 and 2.x routes disagree,0,false,,adjudicated,Severin,2026-09-26
H033,heldout,Participants reported increased comfort and confidence spending time outdoors.,,"Y5.4 Confidence, Self-Efficacy & Self-Worth",Y6.6 Environmental Stewardship,Y5.4,Y5.4,no,,0,false,,proposed,,
H034,heldout,Students receiving counseling showed a reduction in self-reported anxiety symptoms on the GAD-7 screener.,,Y8.6 Mental Health Symptoms & Distress,Y8.9 Mental Health Service Access & Use,Y8.6,Y8.6,no,,0,false,,proposed,,
H035,heldout,Referrals to the school-based clinician increased 20% following staff training on warning signs of distress.,,Y8.9 Mental Health Service Access & Use,A1.2 Practice Change,Y8.9,Y8.9,no,,0,false,,proposed,,
H036,heldout,Youth developed healthier coping strategies for managing stress.,,Y4.2 Emotion Regulation & Coping,Y8.6 Mental Health Symptoms & Distress,Y4.2,Y4.2,no,,0,false,,proposed,,
H037,heldout,Participants reported delaying the age of first alcohol use.,,Y8.11 Substance Use,Y4.12 Risk Avoidance & Refusal Skills,Y8.11,Y8.11,no,,0,false,,proposed,,
H038,heldout,Youth increased their knowledge of the health risks associated with vaping and e-cigarette use.,,Y8.11 Substance Use,Y8.3 Health Knowledge & Safety Skills,Y8.11,Y8.11,no,,0,false,,proposed,,
H039,heldout,The program delivered prevention curricula to 500 students across 6 partner schools this year.,,"A2.5 Participation, Dosage & Reach (Output)",,A2.5,A2.5,no,,0,false,,proposed,,
H040,heldout,Students demonstrated improved conflict de-escalation skills in post-training role-play assessments.,,Y4.8 Relationship-Building & Conflict Resolution,Y4.2 Emotion Regulation & Coping,Y4.8,Y4.8,no,,0,false,,proposed,,
H041,heldout,School staff reported a decrease in physical altercations following implementation of the restorative justice program.,,"Y8.12 Violence, Bullying & Victimization",Y1.14 Exclusionary Discipline,Y8.12,Y8.12,no,,0,false,,proposed,,
H042,heldout,Youth feel safer walking to and from school.,Y8.10 Felt Safety,Y8.10 Felt Safety,Y3.1 Belonging & Mattering,Y8.10,Y8.10,yes,2.x code 6.1 was split,0,false,,adjudicated,Severin,2026-09-26
H043,heldout,70% of youth released from detention had no new adjudications within 12 months of release.,,"Y8.13 Justice Involvement, Diversion & Reentry",,Y8.13,Y8.13,no,,0,false,,proposed,,
H044,heldout,Participants secured stable housing and enrolled in school or employment within 30 days of release.,,F2.3 Housing Stability & Safe Living Situation,"Y8.13 Justice Involvement, Diversion & Reentry | Y1.17 High School Completion & Re-engagement",F2.3,F2.3,no,,0,false,,proposed,,
H045,heldout,Youth improved their ability to set and work toward personal goals.,,"Y4.3 Goal-Setting, Organization & Self-Discipline","Y5.6 Agency, Self-Determination & Self-Advocacy",Y4.3,Y4.3,no,,0,false,,proposed,,
H046,heldout,"Youth aging out of care obtained a state-issued ID, Social Security card, and birth certificate before turning 18.",Y7.7 Independent Living Skills,Y7.7 Independent Living Skills,Y7.2 College & Career Transition Knowledge,Y7.7,Y7.2,yes,v2 and 2.x routes disagree,0,false,,adjudicated,Severin,2026-09-26
H047,heldout,"Young people reported having at least one permanent, supportive adult connection.",,Y3.2 Supportive Adult Relationships,Y3.5 Social Capital & Networks,Y3.2,Y3.2,no,,0,false,,proposed,,
H048,heldout,"Participants increased their independent living skills, including cooking, budgeting, and using public transit.",Y7.7 Independent Living Skills,Y7.7 Independent Living Skills,"Y4.3 Goal-Setting, Organization & Self-Discipline | Y7.6 Financial Capability",Y7.7,Y4.3,yes,v2 and 2.x routes disagree,0,false,,adjudicated,Severin,2026-09-26
H049,heldout,Youth exited the shelter into safe and stable housing.,,F2.3 Housing Stability & Safe Living Situation,,F2.3,F2.3,no,,0,false,,proposed,,
H050,heldout,Participants engaged in case management and reduced the number of nights spent unsheltered.,F2.3 Housing Stability & Safe Living Situation,F2.3 Housing Stability & Safe Living Situation,"F2.1 Income, Benefits & Financial Stability | Y8.9 Mental Health Service Access & Use",F2.3,F2.1,yes,v2 and 2.x routes disagree,0,false,,adjudicated,Severin,2026-09-26
H051,heldout,Youth reported an increased sense of safety and trust in program staff.,Y3.1 Belonging & Mattering,Y3.1 Belonging & Mattering,Y8.10 Felt Safety,Y3.1,Y8.10,yes,v2 and 2.x routes disagree; 2.x code 6.1 was split,0,false,,adjudicated,Severin,2026-09-26
H052,heldout,Teen mothers continued or re-enrolled in school within 6 weeks of giving birth.,Y1.13 Attendance & School Stability,Y1.13 Attendance & School Stability,"Y1.15 Grades, Credits & On-Track Status | Y1.17 High School Completion & Re-engagement",Y1.13,Y1.15,yes,v2 and 2.x routes disagree; 2.x code 1.6 was split,0,false,,adjudicated,Severin,2026-09-26
H053,heldout,"Parenting participants demonstrated improved knowledge of infant health and safety practices, including safe sleep.",,F1.1 Parenting Knowledge & Practices,Y8.3 Health Knowledge & Safety Skills,F1.1,F1.1,no,,0,false,,proposed,,
H054,heldout,Young parents feel more confident in their parenting abilities and less isolated from peers.,,F1.1 Parenting Knowledge & Practices,"Y5.4 Confidence, Self-Efficacy & Self-Worth",F1.1,F1.1,no,,0,false,,proposed,,
H055,heldout,Youth reported a decrease in feelings of isolation after joining the support group.,Y3.1 Belonging & Mattering,Y3.1 Belonging & Mattering,Y3.3 Peer Relationships & Friendship | Y8.6 Mental Health Symptoms & Distress,Y3.1,Y3.3,yes,v2 and 2.x routes disagree,0,false,,adjudicated,Severin,2026-09-26
H056,heldout,Participants identified at least one trusted adult they could turn to for support.,,Y3.2 Supportive Adult Relationships,,Y3.2,Y3.2,no,,0,false,,proposed,,
H057,heldout,The program fostered a more welcoming and affirming environment for LGBTQ+ youth.,A2.1 Program Quality,A2.1 Program Quality,"A2.4 Inclusion, Accommodations & Language Access | Y3.1 Belonging & Mattering",A2.1,A2.4,yes,v2 and 2.x routes disagree,0,false,Severin: I feel like this is an edge case where I am torn between A2.1 and Y3.1.,adjudicated,Severin,2026-09-26
H058,heldout,Youth with disabilities participated in inclusive recreational activities alongside peers without disabilities.,,"A2.4 Inclusion, Accommodations & Language Access",,A2.4,A2.4,no,,0,false,,proposed,,
H059,heldout,Parents of children with disabilities reported increased knowledge of their child's rights under IDEA.,F1.7 System Navigation & Rights Knowledge,F1.7 System Navigation & Rights Knowledge,F1.1 Parenting Knowledge & Practices,F1.7,F1.1,yes,v2 and 2.x routes disagree,0,false,,adjudicated,Severin,2026-09-26
H060,heldout,Participants demonstrated improved self-advocacy skills during IEP meetings.,"Y5.6 Agency, Self-Determination & Self-Advocacy","Y5.6 Agency, Self-Determination & Self-Advocacy","Y6.4 Civic Voice, Leadership & Participation | Y4.6 Communication & Public Speaking",Y5.6,Y6.4,yes,v2 and 2.x routes disagree,0,false,,adjudicated,Severin,2026-09-26
H061,heldout,Families increased their understanding of the U.S. school enrollment and healthcare systems.,F1.7 System Navigation & Rights Knowledge,F1.7 System Navigation & Rights Knowledge,Y6.2 Civic Knowledge,F1.7,Y6.2,yes,v2 and 2.x routes disagree,0,false,,adjudicated,Severin,2026-09-26
H062,heldout,Adult participants improved their English language proficiency by one CASAS level.,"F1.6 Adult Education, Skills & Employment","F1.6 Adult Education, Skills & Employment",Y1.2 English Language Development & Multilingualism,F1.6,Y1.2,yes,v2 and 2.x routes disagree,0,false,,adjudicated,Severin,2026-09-26
H063,heldout,Youth reported feeling more connected to their new community.,,Y3.1 Belonging & Mattering,Y3.5 Social Capital & Networks,Y3.1,Y3.1,no,,0,false,,proposed,,
H064,heldout,Children demonstrated age-appropriate developmental milestones on the Ages & Stages Questionnaire.,,Y1.8 Early Learning & School Readiness,Y8.2 Motor & Sport Skills,Y1.8,Y1.8,no,,0,false,,proposed,,
H065,heldout,"Home visitors conducted monthly visits, and caregivers reported increased confidence supporting early literacy at home.",,"A2.5 Participation, Dosage & Reach (Output)",F1.1 Parenting Knowledge & Practices,A2.5,A2.5,no,,0,false,,proposed,,
H066,heldout,First-time mothers initiated and sustained breastfeeding for at least six months.,F1.3 Family Health Practices,F1.3 Family Health Practices,F1.1 Parenting Knowledge & Practices,F1.3,F1.1,yes,v2 and 2.x routes disagree,0,false,,adjudicated,Severin,2026-09-26
H067,heldout,Families increased household income while parents completed occupational skills training.,,"F2.1 Income, Benefits & Financial Stability","F1.6 Adult Education, Skills & Employment",F2.1,F2.1,no,,0,false,,proposed,,
H068,heldout,Parents reported improved communication and reduced conflict with their children.,,F1.1 Parenting Knowledge & Practices,Y3.4 Family Relationships,F1.1,F1.1,no,,0,false,,proposed,,
H069,heldout,Caregivers connected to at least two new community resources or public benefits.,F1.7 System Navigation & Rights Knowledge,F1.7 System Navigation & Rights Knowledge,"F2.1 Income, Benefits & Financial Stability",F1.7,F2.1,yes,v2 and 2.x routes disagree,0,false,,adjudicated,Severin,2026-09-26
H070,heldout,Households reported reduced food insecurity as measured by the USDA six-item screener.,,F2.2 Food Security,,F2.2,F2.2,no,,0,false,,proposed,,
H071,heldout,"The pantry distributed 50,000 pounds of food to 1,200 households this quarter.",,"A2.5 Participation, Dosage & Reach (Output)",F2.2 Food Security,A2.5,A2.5,no,,0,false,,proposed,,
H072,heldout,Families increased their weekly consumption of fresh fruits and vegetables.,F1.3 Family Health Practices,F1.3 Family Health Practices,F2.2 Food Security,F1.3,F2.2,yes,v2 and 2.x routes disagree,0,false,,adjudicated,Severin,2026-09-26
H073,heldout,Participants exited transitional housing into permanent housing and maintained it for at least six months.,,F2.3 Housing Stability & Safe Living Situation,,F2.3,F2.3,no,,0,false,,proposed,,
H074,heldout,Households reduced their rent burden to below 30% of income.,,F2.3 Housing Stability & Safe Living Situation,"F2.1 Income, Benefits & Financial Stability",F2.3,F2.3,no,,0,false,,proposed,,
H075,heldout,Case managers helped clients complete and submit applications for housing choice vouchers.,F2.3 Housing Stability & Safe Living Situation,"A2.5 Participation, Dosage & Reach (Output)",,A2.5,F2.3,yes,v2 and 2.x routes disagree,0,false,,adjudicated,Severin,2026-09-26
H076,heldout,Households received a laptop and broadband subsidy and reported increased ability to complete tasks online.,,A2.3 Access to Resources,"F2.1 Income, Benefits & Financial Stability",A2.3,A2.3,no,,0,false,,proposed,,
H077,heldout,"Participants improved their digital literacy skills, including email and video conferencing.","Y1.4 Science, Technology & Engineering","Y1.4 Science, Technology & Engineering",Y1.5 Other Academic Subjects,Y1.4,Y1.5,yes,v2 and 2.x routes disagree; 2.x code 1.3 was split,1,false,Severin: This feels like it is about skills that are not purely academic. Perhaps they could be coded as being digital skills related to career readiness or workforce skills?,adjudicated,Severin,2026-09-26
H078,heldout,Older adults reported feeling less anxious using technology.,"F1.6 Adult Education, Skills & Employment","F1.6 Adult Education, Skills & Employment",Y8.6 Mental Health Symptoms & Distress,F1.6,Y8.6,yes,v2 and 2.x routes disagree,0,false,,adjudicated,Severin,2026-09-26
H079,heldout,Youth grew in their faith and felt a stronger connection to their spiritual community.,Y5.5 Purpose & Future Orientation,Y5.5 Purpose & Future Orientation,Y3.5 Social Capital & Networks | Y6.1 Positive Values & Character,Y5.5,Y5.5,yes,2.x code 6.4 was split,0,false,,adjudicated,Severin,2026-09-26
H080,heldout,Participants attended weekly youth group and volunteered at least once in the community this semester.,"A2.5 Participation, Dosage & Reach (Output)",Y2.6 Participation in Enriching Activities,Y6.5 Community Service & Action,Y2.6,A2.5,yes,v2 and 2.x routes disagree,0,false,,adjudicated,Severin,2026-09-26
H081,heldout,Teens reported increased trust in adult mentors within the congregation.,,Y3.2 Supportive Adult Relationships,Y3.5 Social Capital & Networks,Y3.2,Y3.2,no,,0,false,,proposed,,
H082,heldout,"Campers demonstrated improved swimming proficiency, advancing at least one skill level.",Y8.2 Motor & Sport Skills,Y8.2 Motor & Sport Skills,Y8.1 Healthy Daily Habits,Y8.2,Y8.1,yes,v2 and 2.x routes disagree; 2.x code 8.1 was split,0,false,,adjudicated,Severin,2026-09-26
H083,heldout,Youth reported making new friends and feeling a sense of belonging at camp.,,Y3.3 Peer Relationships & Friendship,Y3.1 Belonging & Mattering,Y3.3,Y3.3,no,,0,false,,proposed,,
H084,heldout,4-H members completed their project record books and presented them at the county fair.,,"Y4.3 Goal-Setting, Organization & Self-Discipline",Y1.9 Academic Engagement Behaviors,Y4.3,Y4.3,no,,0,false,,proposed,,
H085,heldout,Adolescents increased their knowledge of nutrition and made healthier food choices in the school cafeteria.,Y8.1 Healthy Daily Habits,Y8.1 Healthy Daily Habits,Y8.3 Health Knowledge & Safety Skills,Y8.1,Y8.1,yes,2.x code 8.1 was split,0,false,,adjudicated,Severin,2026-09-26
H086,heldout,Participants reduced recreational screen time to less than 2 hours per day.,Y8.1 Healthy Daily Habits,Y8.1 Healthy Daily Habits,,Y8.1,Y8.1,yes,2.x code 8.1 was split,0,false,,adjudicated,Severin,2026-09-26
H087,heldout,See attached logic model for a full list of outcome measures.,,none,,none,none,no,,0,true,,proposed,,
H088,heldout,Outcomes: Systems and Policy Change,,none,A3.1 Policy & Institutional Change,none,none,no,,0,true,,proposed,,
H089,heldout,The coalition secured a new local ordinance restricting youth access to flavored tobacco products.,A3.1 Policy & Institutional Change,A3.1 Policy & Institutional Change,Y8.11 Substance Use,A3.1,A3.1,yes,2.x code 11.3 was split,0,false,,adjudicated,Severin,2026-09-26
H090,heldout,Member organizations reported increased collaboration and shared data across systems serving youth.,A3.2 Cross-Sector Partnerships,A3.2 Cross-Sector Partnerships,A3.1 Policy & Institutional Change,A3.2,A3.1,yes,v2 and 2.x routes disagree; 2.x code 11.3 was split,0,false,,adjudicated,Severin,2026-09-26
S001,design,Youth with disabilities will participate fully in program activities alongside their peers.,"A2.4 Inclusion, Accommodations & Language Access",Y2.6 Participation in Enriching Activities,,Y2.6,A2.4,yes,v2 and 2.x routes disagree,0,false,,adjudicated,Severin,2026-09-26
S002,design,Youth will be able to name three methods of preventing sexually transmitted infections.,,Y8.4 Sexual & Reproductive Health,Y8.3 Health Knowledge & Safety Skills,Y8.4,Y8.4,no,,0,false,,proposed,,
S003,design,Youth will choose to return to the program for a second year.,Y2.6 Participation in Enriching Activities,Y2.6 Participation in Enriching Activities,"A2.5 Participation, Dosage & Reach (Output)",Y2.6,A2.5,yes,v2 and 2.x routes disagree,0,false,,adjudicated,Severin,2026-09-26
S004,design,Youth will take turns leading their small group during project work.,,"Y4.7 Teamwork, Collaboration & Group Leadership","Y6.4 Civic Voice, Leadership & Participation",Y4.7,Y4.7,no,,0,false,,proposed,,
S005,design,Youth will complete 20 hours of community service at local nonprofits.,,Y6.5 Community Service & Action,"A2.5 Participation, Dosage & Reach (Output)",Y6.5,Y6.5,no,,0,false,,proposed,,
S006,design,Parents will receive financial coaching and increase household savings.,,"F2.1 Income, Benefits & Financial Stability",Y7.6 Financial Capability,F2.1,F2.1,no,,0,false,,proposed,,
S007,design,Youth will demonstrate increased willingness to seek help when struggling emotionally.,,Y4.9 Help-Seeking & Offering Support,Y8.9 Mental Health Service Access & Use,Y4.9,Y4.9,no,,0,false,,proposed,,
S008,design,Students will say they feel proud to be part of the program.,Y2.1 Enjoyment & Joy,Y2.1 Enjoyment & Joy,Y3.1 Belonging & Mattering,Y2.1,Y3.1,yes,v2 and 2.x routes disagree,0,false,,adjudicated,Severin,2026-09-26
S009,design,Refugee youth will develop a strong sense of both their heritage culture and their new community.,,Y5.2 Cultural & Social Identity,Y5.1 Self-Understanding & Identity Exploration,Y5.2,Y5.2,no,,0,false,,proposed,,
S010,design,Program staff will collect pre- and post-surveys from all participants.,,none,"A2.5 Participation, Dosage & Reach (Output)",none,none,no,,0,true,,proposed,,
S011,design,Participants will benefit from high-quality programming.,,none,A2.1 Program Quality,none,none,no,,0,true,,proposed,,
S012,design,Youth will demonstrate honesty and integrity.,,Y6.1 Positive Values & Character,,Y6.1,Y6.1,no,,0,false,,proposed,,
S013,design,"Youth will take action to reduce waste at home, such as recycling and composting.",Y6.6 Environmental Stewardship,Y6.6 Environmental Stewardship,Y6.5 Community Service & Action | Y4.11 Ethical & Prosocial Choices,Y6.6,Y6.5,yes,v2 and 2.x routes disagree,0,false,,adjudicated,Severin,2026-09-26
S014,design,Seniors will complete college-level coursework to be ready for freshman year.,Y1.16 Advanced Coursework & Dual Credit,Y1.16 Advanced Coursework & Dual Credit,"Y1.5 Other Academic Subjects | Y1.15 Grades, Credits & On-Track Status",Y1.16,Y1.5,yes,v2 and 2.x routes disagree; 2.x code 9.1 was split,0,false,,adjudicated,Severin,2026-09-26
S015,design,Students will perceive greater risk of harm from regular marijuana use.,,Y8.11 Substance Use,,Y8.11,Y8.11,no,,0,false,,proposed,,
S016,design,Youth will deepen their spiritual life and relationship with God.,Y5.5 Purpose & Future Orientation,Y5.5 Purpose & Future Orientation,Y6.1 Positive Values & Character,Y5.5,Y5.5,yes,2.x code 6.4 was split,0,false,,adjudicated,Severin,2026-09-26
S017,design,Newcomer families will understand their rights regarding school enrollment regardless of immigration status.,F1.7 System Navigation & Rights Knowledge,F1.7 System Navigation & Rights Knowledge,"Y6.2 Civic Knowledge | A2.4 Inclusion, Accommodations & Language Access",F1.7,Y6.2,yes,v2 and 2.x routes disagree,0,false,,adjudicated,Severin,2026-09-26
S018,design,Youth diverted from court will complete their restorative agreement.,,"Y8.13 Justice Involvement, Diversion & Reentry",,Y8.13,Y8.13,no,,0,false,,proposed,,
S019,design,The city will allocate dedicated funding for summer youth employment in the annual budget.,A3.1 Policy & Institutional Change,A3.1 Policy & Institutional Change,,A3.1,A3.1,yes,2.x code 11.3 was split,0,false,,adjudicated,Severin,2026-09-26
S020,design,"Participants will earn an industry-recognized certification (OSHA-10, ServSafe, CPR).",,"Y7.4 Technical Skills, Credentials & Work-Based Learning",Y8.3 Health Knowledge & Safety Skills,Y7.4,Y7.4,no,,0,false,,proposed,,
S021,design,Youth will build a supportive peer community within the youth group.,,Y3.3 Peer Relationships & Friendship,Y3.1 Belonging & Mattering,Y3.3,Y3.3,no,,0,false,,proposed,,
S022,design,Families will establish a consistent bedtime and daily routine at home.,,F1.2 Home Learning Environment & Routines,Y8.1 Healthy Daily Habits,F1.2,F1.2,no,,0,false,,proposed,,
S023,design,Program will maintain 85% average daily attendance across all sites.,,"A2.5 Participation, Dosage & Reach (Output)",Y1.13 Attendance & School Stability,A2.5,A2.5,no,,0,false,,proposed,,
S024,design,Runaway youth will be reunified with family when it is safe to do so.,Y3.4 Family Relationships,Y3.4 Family Relationships,F2.3 Housing Stability & Safe Living Situation,Y3.4,F2.3,yes,v2 and 2.x routes disagree,0,false,,adjudicated,Severin,2026-09-26
S025,design,"Children will demonstrate age-appropriate pre-literacy skills (letter recognition, phonemic awareness).",,Y1.8 Early Learning & School Readiness,Y1.1 Literacy: Reading & Writing,Y1.8,Y1.8,no,,0,false,,proposed,,
S026,design,Mentees will report having a trusted adult they can go to with problems.,,Y3.2 Supportive Adult Relationships,,Y3.2,Y3.2,no,,0,false,,proposed,,
S027,design,Students will choose to report bullying they witness rather than join in.,,Y4.11 Ethical & Prosocial Choices,"Y8.12 Violence, Bullying & Victimization",Y4.11,Y4.11,no,,0,false,,proposed,,
S028,design,Youth will improve their English language proficiency.,,Y1.2 English Language Development & Multilingualism,,Y1.2,Y1.2,no,,0,false,,proposed,,
S029,design,Youth aging out of foster care will secure stable housing by age 21.,,F2.3 Housing Stability & Safe Living Situation,,F2.3,F2.3,no,,0,false,,proposed,,
S030,design,Students will receive fewer office discipline referrals for disruptive classroom behavior.,Y1.14 Exclusionary Discipline,Y1.14 Exclusionary Discipline,"Y1.15 Grades, Credits & On-Track Status",Y1.14,Y1.15,yes,v2 and 2.x routes disagree; 2.x code 1.6 was split,0,false,,adjudicated,Severin,2026-09-26
S031,design,Players will improve their dribbling and passing skills.,Y8.2 Motor & Sport Skills,Y8.2 Motor & Sport Skills,Y1.5 Other Academic Subjects,Y8.2,Y1.5,yes,v2 and 2.x routes disagree; 2.x code 1.3 was split,0,false,,adjudicated,Severin,2026-09-26
S032,design,Students with IEPs will lead their own IEP meetings by the end of the school year.,"Y5.6 Agency, Self-Determination & Self-Advocacy","Y5.6 Agency, Self-Determination & Self-Advocacy","Y6.4 Civic Voice, Leadership & Participation",Y5.6,Y6.4,yes,v2 and 2.x routes disagree,0,false,,adjudicated,Severin,2026-09-26
S033,design,Program graduates will be employed or in education six months after exit.,,Y7.5 Employment & Earnings,"Y1.18 Postsecondary Enrollment, Persistence & Completion",Y7.5,Y7.5,no,,0,false,,proposed,,
S034,design,Students will believe that their intelligence can grow with effort.,Y1.12 Academic Mindsets & Self-Efficacy,Y1.12 Academic Mindsets & Self-Efficacy,"Y5.4 Confidence, Self-Efficacy & Self-Worth",Y1.12,Y5.4,yes,v2 and 2.x routes disagree,0,false,,adjudicated,Severin,2026-09-26
S035,design,Families will reduce housing instability and report decreased stress related to housing insecurity.,,F2.3 Housing Stability & Safe Living Situation,"F2.1 Income, Benefits & Financial Stability",F2.3,F2.3,no,,0,false,,proposed,,
S036,design,Girls in the program will increasingly see themselves as 'a STEM person.',Y5.3 Domain Identity,Y5.3 Domain Identity,Y5.1 Self-Understanding & Identity Exploration | Y2.3 Sustained & Individual Interest,Y5.3,Y5.1,yes,v2 and 2.x routes disagree,0,false,,adjudicated,Severin,2026-09-26
S037,design,Young adults will maintain their own apartment lease for 12 consecutive months.,,F2.3 Housing Stability & Safe Living Situation,Y7.7 Independent Living Skills,F2.3,F2.3,no,,0,false,,proposed,,
S038,design,Youth will feel safe walking in their neighborhood.,Y8.10 Felt Safety,Y8.10 Felt Safety,Y3.1 Belonging & Mattering,Y8.10,Y8.10,yes,2.x code 6.1 was split,0,false,,adjudicated,Severin,2026-09-26
S039,design,Youth council members will co-design program activities with staff.,,"Y6.4 Civic Voice, Leadership & Participation","Y5.6 Agency, Self-Determination & Self-Advocacy",Y6.4,Y6.4,no,,0,false,,proposed,,
S040,design,Young mothers will complete all recommended well-child visits for their infant.,F1.3 Family Health Practices,F1.3 Family Health Practices,F1.1 Parenting Knowledge & Practices | Y8.5 Health Care Access & Condition Management,F1.3,F1.1,yes,v2 and 2.x routes disagree,0,false,,adjudicated,Severin,2026-09-26
S041,design,Parents with limited English proficiency will receive school communications in their home language.,"A2.4 Inclusion, Accommodations & Language Access","A2.4 Inclusion, Accommodations & Language Access",A2.6 Family Engagement Systems | F1.8 Family Connection & Trust with the Program,A2.4,A2.6,yes,v2 and 2.x routes disagree,0,false,,adjudicated,Severin,2026-09-26
S042,design,Students will increase their homework completion rate from 60% to 85%.,,Y1.9 Academic Engagement Behaviors,"Y1.15 Grades, Credits & On-Track Status",Y1.9,Y1.9,no,,0,false,,proposed,,
S043,design,Case managers will report improved ability to navigate the county benefits system on behalf of clients.,,A1.1 Staff & Volunteer Knowledge & Skills,F1.7 System Navigation & Rights Knowledge,A1.1,A1.1,no,,0,false,,proposed,,
S044,design,Participants will understand the difference between a debit card and a credit card and the cost of interest.,,Y7.6 Financial Capability,Y1.3 Mathematics,Y7.6,Y7.6,no,,0,false,,proposed,,
S045,design,Youth will develop a sense of stewardship and connection to nature.,Y6.6 Environmental Stewardship,Y6.6 Environmental Stewardship,Y6.1 Positive Values & Character,Y6.6,Y6.1,yes,v2 and 2.x routes disagree,0,false,,adjudicated,Severin,2026-09-26
S046,design,Students will report reduced symptoms of anxiety and depression.,,Y8.6 Mental Health Symptoms & Distress,,Y8.6,Y8.6,no,,0,false,,proposed,,
S047,design,Match pairs will meet consistently for at least 12 months.,,"A2.5 Participation, Dosage & Reach (Output)",Y3.2 Supportive Adult Relationships,A2.5,A2.5,no,,0,false,,proposed,,
S048,design,Students will improve reading fluency by one grade level.,,Y1.1 Literacy: Reading & Writing,,Y1.1,Y1.1,no,,0,false,,proposed,,
S049,design,"Campers will try an activity that initially made them nervous, such as swimming in the lake.",Y2.2 Curiosity & Triggered Interest,Y2.2 Curiosity & Triggered Interest,"Y5.4 Confidence, Self-Efficacy & Self-Worth",Y2.2,Y5.4,yes,v2 and 2.x routes disagree,0,false,,adjudicated,Severin,2026-09-26
S050,design,Students will accurately calculate percentages and interest in math class.,,Y1.3 Mathematics,Y7.6 Financial Capability,Y1.3,Y1.3,no,,0,false,,proposed,,
S051,design,Teen parents will stay enrolled in high school through the birth of their child.,,Y1.13 Attendance & School Stability,Y1.17 High School Completion & Re-engagement,Y1.13,Y1.13,no,,0,false,,proposed,,
S052,design,Youth will resist peer pressure to use drugs or alcohol.,,Y4.12 Risk Avoidance & Refusal Skills,Y8.11 Substance Use,Y4.12,Y4.12,no,,0,false,,proposed,,
S053,design,Families will increase their knowledge of child development milestones.,,F1.1 Parenting Knowledge & Practices,,F1.1,F1.1,no,,0,false,,proposed,,
S054,design,Youth will learn to work as part of a team to achieve a common goal.,,"Y4.7 Teamwork, Collaboration & Group Leadership",Y3.3 Peer Relationships & Friendship,Y4.7,Y4.7,no,,0,false,,proposed,,
S055,design,Students will participate in restorative circles to repair harm instead of receiving a suspension.,Y1.14 Exclusionary Discipline,Y1.14 Exclusionary Discipline,"Y4.8 Relationship-Building & Conflict Resolution | Y8.13 Justice Involvement, Diversion & Reentry",Y1.14,Y4.8,yes,v2 and 2.x routes disagree,0,false,,adjudicated,Severin,2026-09-26
S056,design,Ninth graders will earn enough credits to be promoted to tenth grade.,"Y1.15 Grades, Credits & On-Track Status","Y1.15 Grades, Credits & On-Track Status",,Y1.15,Y1.15,yes,2.x code 1.6 was split,0,false,,adjudicated,Severin,2026-09-26
S057,design,See logic model above.,,none,,none,none,no,,0,true,,proposed,,
S058,design,Youth will compose an original song.,,Y2.5 Creative Expression & Performance,,Y2.5,Y2.5,no,,0,false,,proposed,,
S059,design,Youth will demonstrate leadership skills while leading a trail cleanup for the community.,"Y4.7 Teamwork, Collaboration & Group Leadership","Y4.7 Teamwork, Collaboration & Group Leadership","Y6.4 Civic Voice, Leadership & Participation | Y6.5 Community Service & Action",Y4.7,Y6.4,yes,v2 and 2.x routes disagree,0,false,,adjudicated,Severin,2026-09-26
S060,design,"Summer youth employees will earn an average of $2,400 in wages.",,Y7.5 Employment & Earnings,"F2.1 Income, Benefits & Financial Stability",Y7.5,Y7.5,no,,0,false,,proposed,,
S061,design,Infants and toddlers will receive developmental screenings and referrals as needed.,Y8.5 Health Care Access & Condition Management,Y8.5 Health Care Access & Condition Management,Y1.8 Early Learning & School Readiness,Y8.5,Y1.8,yes,v2 and 2.x routes disagree,0,false,,adjudicated,Severin,2026-09-26
S062,design,Families will report reduced food insecurity and increased access to healthy food.,,F2.2 Food Security,"F2.1 Income, Benefits & Financial Stability",F2.2,F2.2,no,,0,false,,proposed,,
S063,design,Youth will complete a resume and practice interview skills.,,Y7.2 College & Career Transition Knowledge,Y7.3 Employability & Workplace Skills,Y7.2,Y7.2,no,,0,false,,proposed,,
S064,design,Participants will complete an annual dental and vision screening.,Y8.5 Health Care Access & Condition Management,Y8.5 Health Care Access & Condition Management,Y8.1 Healthy Daily Habits,Y8.5,Y8.1,yes,v2 and 2.x routes disagree; 2.x code 8.1 was split,0,false,,adjudicated,Severin,2026-09-26
S065,design,Youth will report lower intentions to vape in the next year.,,Y8.11 Substance Use,Y4.12 Risk Avoidance & Refusal Skills,Y8.11,Y8.11,no,,0,false,,proposed,,
S066,design,Youth will improve their persuasive writing skills.,,Y1.1 Literacy: Reading & Writing,"Y1.7 Critical Thinking, Inquiry & Media Literacy",Y1.1,Y1.1,no,,0,false,,proposed,,
S067,design,Students will report fewer symptoms of depression on the PHQ-9.,,Y8.6 Mental Health Symptoms & Distress,,Y8.6,Y8.6,no,,0,false,,proposed,,
S068,design,"Children will develop fundamental movement skills such as running, jumping, throwing, and catching.",Y8.2 Motor & Sport Skills,Y8.2 Motor & Sport Skills,Y8.1 Healthy Daily Habits,Y8.2,Y8.1,yes,v2 and 2.x routes disagree; 2.x code 8.1 was split,0,false,,adjudicated,Severin,2026-09-26
S069,design,Students will learn and practice deep-breathing techniques to manage test anxiety.,,Y4.2 Emotion Regulation & Coping,Y1.11 Learning Strategies & Study Skills,Y4.2,Y4.2,no,,0,false,,proposed,,
S070,design,Youth will reconnect with family members and rebuild trust after a period of incarceration.,Y3.4 Family Relationships,Y3.4 Family Relationships,Y4.8 Relationship-Building & Conflict Resolution,Y3.4,Y4.8,yes,v2 and 2.x routes disagree,0,false,,adjudicated,Severin,2026-09-26
S071,design,Students will report higher life satisfaction and a sense of flourishing.,Y8.7 Flourishing & Life Satisfaction,Y8.7 Flourishing & Life Satisfaction,Y2.1 Enjoyment & Joy,Y8.7,Y2.1,yes,v2 and 2.x routes disagree,0,false,,adjudicated,Severin,2026-09-26
S072,design,Students will believe their math ability can grow with effort and practice.,,Y1.12 Academic Mindsets & Self-Efficacy,"Y5.4 Confidence, Self-Efficacy & Self-Worth",Y1.12,Y1.12,no,,0,false,,proposed,,
S073,design,Outreach workers will mediate conflicts to prevent retaliatory shootings in the neighborhood.,,"Y8.12 Violence, Bullying & Victimization",A1.2 Practice Change,Y8.12,Y8.12,no,,0,false,,proposed,,
S074,design,"Players will improve their dribbling, passing, and shooting skills.",Y8.2 Motor & Sport Skills,Y8.2 Motor & Sport Skills,Y1.5 Other Academic Subjects,Y8.2,Y1.5,yes,v2 and 2.x routes disagree; 2.x code 1.3 was split,0,false,,adjudicated,Severin,2026-09-26
S075,design,The organization will achieve accreditation from the state afterschool network.,A2.1 Program Quality,A2.1 Program Quality,A3.1 Policy & Institutional Change,A2.1,A3.1,yes,v2 and 2.x routes disagree; 2.x code 11.3 was split,0,false,,adjudicated,Severin,2026-09-26
S076,design,Youth will participate in a mission trip and serve people experiencing poverty.,,Y6.5 Community Service & Action,Y2.6 Participation in Enriching Activities,Y6.5,Y6.5,no,,0,false,,proposed,,
S077,design,"Youth will present their artwork in a public exhibition, building pride and confidence.",,Y2.5 Creative Expression & Performance,"Y4.6 Communication & Public Speaking | Y5.4 Confidence, Self-Efficacy & Self-Worth",Y2.5,Y2.5,no,,0,false,,proposed,,
S078,design,Youth who have experienced trauma will report feeling psychologically safe and supported in processing it.,,Y8.8 Healing & Trauma Recovery,Y3.1 Belonging & Mattering,Y8.8,Y8.8,no,,0,false,,proposed,,
S079,design,Youth will use calming strategies when upset.,,Y4.2 Emotion Regulation & Coping,,Y4.2,Y4.2,no,,0,false,,proposed,,
S080,design,"Students will try new enrichment activities they've never done before (cooking, coding, art).",,Y2.2 Curiosity & Triggered Interest,Y2.6 Participation in Enriching Activities,Y2.2,Y2.2,no,,0,false,,proposed,,
S081,design,Seniors will be able to compare financial aid award letters and calculate net cost.,,Y7.2 College & Career Transition Knowledge,Y7.6 Financial Capability,Y7.2,Y7.2,no,,0,false,,proposed,,
S082,design,Youth will express gratitude toward family and mentors.,,"Y4.4 Empathy, Perspective-Taking & Social Awareness",Y3.4 Family Relationships,Y4.4,Y4.4,no,,0,false,,proposed,,
S083,design,Volunteers will report a greater understanding of food insecurity issues in their community after serving at the food pantry.,A1.1 Staff & Volunteer Knowledge & Skills,A1.1 Staff & Volunteer Knowledge & Skills,Y6.3 Critical Consciousness & Social Justice | A3.3 Community Conditions & Collective Efficacy,A1.1,Y6.3,yes,v2 and 2.x routes disagree,0,false,,adjudicated,Severin,2026-09-26
S084,design,Alumni will complete a bachelor's degree within six years.,,"Y1.18 Postsecondary Enrollment, Persistence & Completion",,Y1.18,Y1.18,no,,0,false,,proposed,,
S085,design,Participating students will have fewer out-of-school suspensions.,Y1.14 Exclusionary Discipline,Y1.14 Exclusionary Discipline,"Y1.15 Grades, Credits & On-Track Status",Y1.14,Y1.15,yes,v2 and 2.x routes disagree; 2.x code 1.6 was split,0,false,,adjudicated,Severin,2026-09-26
S086,design,Youth will set and work toward a personal goal with support from their mentor.,,"Y4.3 Goal-Setting, Organization & Self-Discipline",Y3.2 Supportive Adult Relationships,Y4.3,Y4.3,no,,0,false,,proposed,,
S087,design,Staff will increase their knowledge of inclusive practices and accommodations for youth with diverse abilities.,,A1.1 Staff & Volunteer Knowledge & Skills,"A2.4 Inclusion, Accommodations & Language Access",A1.1,A1.1,no,,0,false,,proposed,,
S088,design,Youth will avoid a new adjudication while on probation.,,"Y8.13 Justice Involvement, Diversion & Reentry",,Y8.13,Y8.13,no,,0,false,,proposed,,
S089,design,Youth will create and follow a monthly personal budget.,,Y7.6 Financial Capability,Y7.7 Independent Living Skills,Y7.6,Y7.6,no,,0,false,,proposed,,
S090,design,Students will connect a historical artwork to their own cultural experience.,,Y2.5 Creative Expression & Performance,Y5.2 Cultural & Social Identity,Y2.5,Y2.5,no,,0,false,,proposed,,
S091,design,N/A,,none,,none,none,no,,0,true,,proposed,,
S092,design,Teens earning summer wages will deposit at least 25% of each paycheck into a savings account.,,Y7.6 Financial Capability,"F2.1 Income, Benefits & Financial Stability",Y7.6,Y7.6,no,,0,false,,proposed,,
S093,design,Youth will improve physical fitness and cardiovascular endurance.,Y8.1 Healthy Daily Habits,Y8.1 Healthy Daily Habits,,Y8.1,Y8.1,yes,2.x code 8.1 was split,0,false,,adjudicated,Severin,2026-09-26
S094,design,Students with asthma will reduce emergency room visits through improved self-management.,Y8.5 Health Care Access & Condition Management,Y8.5 Health Care Access & Condition Management,Y8.1 Healthy Daily Habits | Y8.3 Health Knowledge & Safety Skills,Y8.5,Y8.1,yes,v2 and 2.x routes disagree; 2.x code 8.1 was split,0,false,,adjudicated,Severin,2026-09-26
S095,design,Participants will open a savings account and make regular deposits.,,Y7.6 Financial Capability,,Y7.6,Y7.6,no,,0,false,,proposed,,
S096,design,Youth experiencing homelessness will maintain school enrollment and attendance despite housing disruptions.,,Y1.13 Attendance & School Stability,,Y1.13,Y1.13,no,,0,false,,proposed,,
S097,design,Students will identify careers in environmental science and conservation.,,Y7.1 Career Awareness & Exploration,Y6.6 Environmental Stewardship,Y7.1,Y7.1,no,,0,false,,proposed,,
S098,design,Parents will access interpretation and translation services to communicate with teachers.,"A2.4 Inclusion, Accommodations & Language Access","A2.4 Inclusion, Accommodations & Language Access",A2.6 Family Engagement Systems,A2.4,A2.6,yes,v2 and 2.x routes disagree,0,false,,adjudicated,Severin,2026-09-26
S099,design,Mentees will expand their professional network by connecting with at least three adults in careers of interest.,Y3.5 Social Capital & Networks,Y3.5 Social Capital & Networks,Y7.1 Career Awareness & Exploration,Y3.5,Y7.1,yes,v2 and 2.x routes disagree,0,false,,adjudicated,Severin,2026-09-26
S100,design,Third graders will read on grade level by the end of the year.,,Y1.1 Literacy: Reading & Writing,"Y1.15 Grades, Credits & On-Track Status",Y1.1,Y1.1,no,,0,false,,proposed,,
S101,design,The school district will adopt a policy guaranteeing afterschool transportation for all students.,A3.1 Policy & Institutional Change,A3.1 Policy & Institutional Change,,A3.1,A3.1,yes,2.x code 11.3 was split,0,false,,adjudicated,Severin,2026-09-26
S102,design,"Youth aging out of foster care will have at least one permanent, caring adult connection by age 21.",,Y3.2 Supportive Adult Relationships,Y3.4 Family Relationships,Y3.2,Y3.2,no,,0,false,,proposed,,
S103,design,Children will demonstrate improved self-regulation and ability to follow classroom routines.,,Y4.2 Emotion Regulation & Coping,"Y4.3 Goal-Setting, Organization & Self-Discipline",Y4.2,Y4.2,no,,0,false,,proposed,,
S104,design,Students will apply the engineering design process to build and test a prototype.,"Y1.4 Science, Technology & Engineering","Y1.4 Science, Technology & Engineering",Y1.5 Other Academic Subjects,Y1.4,Y1.5,yes,v2 and 2.x routes disagree; 2.x code 1.3 was split,0,false,,adjudicated,Severin,2026-09-26
S105,design,Youth will track their spending for four weeks and identify one change to their habits.,,Y7.6 Financial Capability,,Y7.6,Y7.6,no,,0,false,,proposed,,
S106,design,Families will enroll in SNAP and other public benefits they are eligible for.,,"F2.1 Income, Benefits & Financial Stability",F2.2 Food Security,F2.1,F2.1,no,,0,false,,proposed,,
S107,design,Youth will learn to protect their personal information online.,,Y6.7 Digital Citizenship & Online Safety,"Y1.7 Critical Thinking, Inquiry & Media Literacy",Y6.7,Y6.7,no,,0,false,,proposed,,
S108,design,Scouts will learn wilderness first aid and outdoor safety skills.,Y8.3 Health Knowledge & Safety Skills,Y8.3 Health Knowledge & Safety Skills,Y4.12 Risk Avoidance & Refusal Skills,Y8.3,Y4.12,yes,v2 and 2.x routes disagree,0,false,,adjudicated,Severin,2026-09-26
S109,design,Athletes will maintain passing grades to remain eligible for the team.,"Y1.15 Grades, Credits & On-Track Status","Y1.15 Grades, Credits & On-Track Status",Y2.6 Participation in Enriching Activities,Y1.15,Y1.15,yes,2.x code 1.6 was split,0,false,,adjudicated,Severin,2026-09-26
S110,design,Youth will identify a community issue and develop an action plan to address it.,,Y6.5 Community Service & Action,"Y6.4 Civic Voice, Leadership & Participation",Y6.5,Y6.5,no,,0,false,,proposed,,
S111,design,Students will ask questions in class and participate in discussions.,,Y1.9 Academic Engagement Behaviors,Y2.2 Curiosity & Triggered Interest,Y1.9,Y1.9,no,,0,false,,proposed,,
S112,design,Newcomer students will reduce social isolation and build friendships with peers who share similar experiences.,,Y3.3 Peer Relationships & Friendship,Y3.1 Belonging & Mattering,Y3.3,Y3.3,no,,0,false,,proposed,,
S113,design,"The program will provide accommodations (sensory kits, visual schedules) so all youth can participate.",,"A2.4 Inclusion, Accommodations & Language Access",A2.3 Access to Resources,A2.4,A2.4,no,,0,false,,proposed,,
S114,design,Students identified as high-risk will be connected to community mental health providers for ongoing care.,,Y8.9 Mental Health Service Access & Use,Y8.6 Mental Health Symptoms & Distress,Y8.9,Y8.9,no,,0,false,,proposed,,
S115,design,Students will explain how algebra relates to careers they are interested in.,,Y2.4 Relevance & Utility Value,Y1.3 Mathematics | Y7.1 Career Awareness & Exploration,Y2.4,Y2.4,no,,0,false,,proposed,,
S116,design,Youth will feel like someone believes in them.,,Y3.2 Supportive Adult Relationships,Y3.1 Belonging & Mattering,Y3.2,Y3.2,no,,0,false,,proposed,,
S117,design,Seniors will submit at least three college applications and the FAFSA.,,Y7.2 College & Career Transition Knowledge,"Y1.18 Postsecondary Enrollment, Persistence & Completion",Y7.2,Y7.2,no,,0,false,,proposed,,
S118,design,Parents will complete their GED or enroll in job training.,"F1.6 Adult Education, Skills & Employment","F1.6 Adult Education, Skills & Employment","F2.1 Income, Benefits & Financial Stability",F1.6,F2.1,yes,v2 and 2.x routes disagree,0,false,,adjudicated,Severin,2026-09-26
S119,design,Parents will read with their child at home at least three nights per week.,,F1.2 Home Learning Environment & Routines,F1.1 Parenting Knowledge & Practices,F1.2,F1.2,no,,0,false,,proposed,,
S120,design,"Transition-age youth will obtain their birth certificate, Social Security card, and state ID before exiting care.",Y7.7 Independent Living Skills,Y7.7 Independent Living Skills,Y7.2 College & Career Transition Knowledge,Y7.7,Y7.2,yes,v2 and 2.x routes disagree,0,false,,adjudicated,Severin,2026-09-26
S121,design,Students will increase daily consumption of fruits and vegetables.,Y8.1 Healthy Daily Habits,Y8.1 Healthy Daily Habits,,Y8.1,Y8.1,yes,2.x code 8.1 was split,0,false,,adjudicated,Severin,2026-09-26
S122,design,Students will be able to name three trusted adults or resources they can contact in a mental health crisis.,,Y4.9 Help-Seeking & Offering Support,Y8.9 Mental Health Service Access & Use,Y4.9,Y4.9,no,,0,false,,proposed,,
S123,design,Youth will articulate how systemic racism affects their community and advocate for policy change.,,Y6.3 Critical Consciousness & Social Justice,"Y6.4 Civic Voice, Leadership & Participation",Y6.3,Y6.3,no,,0,false,,proposed,,
S124,design,Youth will report a stronger sense of purpose and belonging within their faith community.,Y5.5 Purpose & Future Orientation,Y5.5 Purpose & Future Orientation,Y6.1 Positive Values & Character,Y5.5,Y5.5,yes,2.x code 6.4 was split,0,false,,adjudicated,Severin,2026-09-26
S125,design,Youth will grow in their faith and live out their values.,,Y6.1 Positive Values & Character,Y5.5 Purpose & Future Orientation,Y6.1,Y6.1,no,,0,false,,proposed,,
S126,design,Caregivers will build friendships with other parents in the program.,,F1.5 Caregiver Social Connections,,F1.5,F1.5,no,,0,false,,proposed,,
S127,design,Parents will attend at least 4 family workshops during the program year.,"A2.5 Participation, Dosage & Reach (Output)",F1.9 Family Participation & Leadership,,F1.9,A2.5,yes,v2 and 2.x routes disagree,0,false,,adjudicated,Severin,2026-09-26
S128,design,Students will ask questions and show curiosity during science demonstrations.,,Y2.2 Curiosity & Triggered Interest,Y1.9 Academic Engagement Behaviors,Y2.2,Y2.2,no,,0,false,,proposed,,
S129,design,Youth will report greater self-acceptance of their sexual orientation and gender identity.,,Y5.2 Cultural & Social Identity,"Y5.4 Confidence, Self-Efficacy & Self-Worth",Y5.2,Y5.2,no,,0,false,,proposed,,
S130,design,Participants will show growth in the following areas:,,none,,none,none,no,,0,true,,proposed,,
S131,design,LGBTQ+ youth will report feeling safe and affirmed in program spaces.,,Y3.1 Belonging & Mattering,Y5.2 Cultural & Social Identity,Y3.1,Y3.1,no,,0,false,,proposed,,
S132,design,4-H members will demonstrate public speaking skills by giving a demonstration at the county fair.,,Y4.6 Communication & Public Speaking,,Y4.6,Y4.6,no,,0,false,,proposed,,
S133,design,"Youth will use a step-by-step process to identify a problem, brainstorm solutions, and act on one.",,Y4.10 Decision-Making & Problem-Solving,,Y4.10,Y4.10,no,,0,false,,proposed,,
S134,design,Youth will be involved in fewer physical fights.,,"Y8.12 Violence, Bullying & Victimization",Y1.14 Exclusionary Discipline,Y8.12,Y8.12,no,,0,false,,proposed,,
S135,design,Parents will report increased confidence in their parenting skills.,,F1.1 Parenting Knowledge & Practices,F1.4 Caregiver Well-Being & Resilience,F1.1,F1.1,no,,0,false,,proposed,,
S136,design,Youth organizers will present testimony to the city council on a policy issue affecting their neighborhood.,,"Y6.4 Civic Voice, Leadership & Participation",Y4.6 Communication & Public Speaking,Y6.4,Y6.4,no,,0,false,,proposed,,
S137,design,Youth will report enjoying program activities.,,Y2.1 Enjoyment & Joy,A2.2 Participant & Family Satisfaction,Y2.1,Y2.1,no,,0,false,,proposed,,
S138,design,Interns will report increased understanding of workplace culture and expectations at their internship site.,,Y7.3 Employability & Workplace Skills,"Y4.4 Empathy, Perspective-Taking & Social Awareness",Y7.3,Y7.3,no,,0,false,,proposed,,
S139,design,"Families will connect with case management and access public benefits (SNAP, TANF, Medicaid).",,"F2.1 Income, Benefits & Financial Stability",F1.7 System Navigation & Rights Knowledge,F2.1,F2.1,no,,0,false,,proposed,,
S140,design,Students will use art as a healthy outlet for processing emotions.,,Y4.2 Emotion Regulation & Coping,,Y4.2,Y4.2,no,,0,false,,proposed,,
S141,design,LGBTQ+ youth will report fewer experiences of harassment at school after the GSA launch.,,"Y8.12 Violence, Bullying & Victimization",Y3.1 Belonging & Mattering,Y8.12,Y8.12,no,,0,false,,proposed,,
S142,design,Coaches will report improved ability to de-escalate conflicts between players during games.,,A1.1 Staff & Volunteer Knowledge & Skills,A1.2 Practice Change,A1.1,A1.1,no,,0,false,,proposed,,
S143,design,Refugee youth will maintain fluency in their home language while learning English.,Y1.2 English Language Development & Multilingualism,Y1.2 English Language Development & Multilingualism,Y5.2 Cultural & Social Identity,Y1.2,Y5.2,yes,v2 and 2.x routes disagree,0,false,,adjudicated,Severin,2026-09-26
S144,design,Participants will report feeling calmer and more restored after time spent in nature.,Y8.7 Flourishing & Life Satisfaction,Y8.7 Flourishing & Life Satisfaction,Y2.1 Enjoyment & Joy | Y6.6 Environmental Stewardship,Y8.7,Y2.1,yes,v2 and 2.x routes disagree,0,false,,adjudicated,Severin,2026-09-26
S145,design,Youth will develop a personal set of moral values grounded in their faith tradition.,,Y6.1 Positive Values & Character,Y5.5 Purpose & Future Orientation,Y6.1,Y6.1,no,,0,false,,proposed,,
S146,design,Mentors will report increased confidence in their ability to support youth from different cultural backgrounds.,,A1.1 Staff & Volunteer Knowledge & Skills,A1.2 Practice Change,A1.1,A1.1,no,,0,false,,proposed,,
S147,design,Students will score proficient on the state science assessment.,"Y1.4 Science, Technology & Engineering","Y1.4 Science, Technology & Engineering","Y1.5 Other Academic Subjects | Y1.15 Grades, Credits & On-Track Status",Y1.4,Y1.5,yes,v2 and 2.x routes disagree; 2.x code 1.3 was split,0,false,,adjudicated,Severin,2026-09-26
S148,design,School counselors will implement a universal SEL screener.,,A1.2 Practice Change,A3.1 Policy & Institutional Change,A1.2,A1.2,no,,0,false,,proposed,,
S149,design,Staff turnover will decrease to below 20% annually.,A1.3 Workforce Stability & Well-Being,A1.3 Workforce Stability & Well-Being,A3.1 Policy & Institutional Change,A1.3,A3.1,yes,v2 and 2.x routes disagree; 2.x code 11.3 was split,0,false,,adjudicated,Severin,2026-09-26
S150,design,Student reporters will publish at least two articles in the community newspaper.,Y1.1 Literacy: Reading & Writing,Y1.1 Literacy: Reading & Writing,"Y2.5 Creative Expression & Performance | Y4.6 Communication & Public Speaking | Y6.4 Civic Voice, Leadership & Participation",Y1.1,Y2.5,yes,v2 and 2.x routes disagree,0,false,,adjudicated,Severin,2026-09-26
S151,design,Youth with disabilities will transition into competitive integrated employment after high school.,,Y7.5 Employment & Earnings,,Y7.5,Y7.5,no,,0,false,,proposed,,
S152,design,Youth will explore at least three career pathways aligned to their interests using labor market data.,,Y7.1 Career Awareness & Exploration,Y2.4 Relevance & Utility Value,Y7.1,Y7.1,no,,0,false,,proposed,,
S153,design,Home visitors will observe increased positive parent-child interactions.,,F1.1 Parenting Knowledge & Practices,,F1.1,F1.1,no,,0,false,,proposed,,
S154,design,Neighborhood residents will report increased trust in one another and willingness to intervene for youth safety.,A3.3 Community Conditions & Collective Efficacy,A3.3 Community Conditions & Collective Efficacy,A3.1 Policy & Institutional Change | Y8.10 Felt Safety,A3.3,A3.1,yes,v2 and 2.x routes disagree; 2.x code 11.3 was split,0,false,,adjudicated,Severin,2026-09-26
S155,design,Youth will evaluate the credibility of online news sources and identify misinformation.,"Y1.7 Critical Thinking, Inquiry & Media Literacy","Y1.7 Critical Thinking, Inquiry & Media Literacy",Y6.7 Digital Citizenship & Online Safety,Y1.7,Y6.7,yes,v2 and 2.x routes disagree,0,false,,adjudicated,Severin,2026-09-26
S156,design,Out-of-school suspensions will decrease by 30% at partner schools.,Y1.14 Exclusionary Discipline,Y1.14 Exclusionary Discipline,"Y1.15 Grades, Credits & On-Track Status | A3.1 Policy & Institutional Change",Y1.14,Y1.15,yes,v2 and 2.x routes disagree; 2.x code 1.6 was split,0,false,,adjudicated,Severin,2026-09-26
S157,design,Families will report trusting program staff and feeling welcome at the center.,,F1.8 Family Connection & Trust with the Program,F1.9 Family Participation & Leadership,F1.8,F1.8,no,,0,false,,proposed,,
S158,design,Youth will feel more confident trying new challenges.,,"Y5.4 Confidence, Self-Efficacy & Self-Worth",Y2.2 Curiosity & Triggered Interest,Y5.4,Y5.4,no,,0,false,,proposed,,
S159,design,Participants will enroll in an advanced STEM course the following school year.,Y1.16 Advanced Coursework & Dual Credit,Y1.16 Advanced Coursework & Dual Credit,Y1.9 Academic Engagement Behaviors | Y2.3 Sustained & Individual Interest,Y1.16,Y1.9,yes,v2 and 2.x routes disagree,0,false,,adjudicated,Severin,2026-09-26
S160,design,Youth will reduce recidivism and avoid re-arrest within 12 months of program completion.,,"Y8.13 Justice Involvement, Diversion & Reentry",,Y8.13,Y8.13,no,,0,false,,proposed,,
S161,design,Youth will demonstrate safe use of tools in the construction trades lab.,,"Y7.4 Technical Skills, Credentials & Work-Based Learning",Y8.3 Health Knowledge & Safety Skills,Y7.4,Y7.4,no,,0,false,,proposed,,
S162,design,Campers will demonstrate increased independence in self-care tasks away from home.,Y7.7 Independent Living Skills,Y7.7 Independent Living Skills,"Y4.3 Goal-Setting, Organization & Self-Discipline | Y8.1 Healthy Daily Habits",Y7.7,Y4.3,yes,v2 and 2.x routes disagree,0,false,,adjudicated,Severin,2026-09-26
S163,design,Students will feel safe and accepted at the program.,,Y3.1 Belonging & Mattering,Y8.10 Felt Safety,Y3.1,Y3.1,no,,0,false,,proposed,,
S164,design,Parents will serve on the program's family advisory council.,F1.9 Family Participation & Leadership,F1.9 Family Participation & Leadership,"F1.8 Family Connection & Trust with the Program | Y6.4 Civic Voice, Leadership & Participation",F1.9,F1.8,yes,v2 and 2.x routes disagree,0,false,,adjudicated,Severin,2026-09-26
S165,design,Parents will read to their child at least 3 times per week.,,F1.2 Home Learning Environment & Routines,F1.1 Parenting Knowledge & Practices,F1.2,F1.2,no,,0,false,,proposed,,
S166,design,Apprentices will complete a registered apprenticeship program.,,"Y7.4 Technical Skills, Credentials & Work-Based Learning",,Y7.4,Y7.4,no,,0,false,,proposed,,
S167,design,Youth will practice forgiveness in their relationships with family and friends.,Y6.1 Positive Values & Character,Y6.1 Positive Values & Character,Y4.8 Relationship-Building & Conflict Resolution | Y3.4 Family Relationships,Y6.1,Y4.8,yes,v2 and 2.x routes disagree,0,false,,adjudicated,Severin,2026-09-26
S168,design,Students will be able to read a pay stub and explain payroll deductions.,,Y7.6 Financial Capability,Y1.3 Mathematics,Y7.6,Y7.6,no,,0,false,,proposed,,
S169,design,Participants will collaborate with peers on a group theater production.,,"Y4.7 Teamwork, Collaboration & Group Leadership",,Y4.7,Y4.7,no,,0,false,,proposed,,
S170,design,"Students will show improved emotional regulation, reduced disciplinary referrals, and better peer relationships.",,Y4.2 Emotion Regulation & Coping,,Y4.2,Y4.2,no,,0,false,,proposed,,
S171,design,"Youth will demonstrate punctuality, professional communication, and appropriate workplace attire.",,Y7.3 Employability & Workplace Skills,,Y7.3,Y7.3,no,,0,false,,proposed,,
S172,design,Youth will develop skills to resist peer pressure and avoid risky behaviors.,,Y4.12 Risk Avoidance & Refusal Skills,Y8.11 Substance Use,Y4.12,Y4.12,no,,0,false,,proposed,,
S173,design,Parents will increase their understanding of child developmental milestones and appropriate expectations.,,F1.1 Parenting Knowledge & Practices,,F1.1,F1.1,no,,0,false,,proposed,,
S174,design,Sites will improve their Youth Program Quality Assessment scores in the interaction and engagement domains.,A2.1 Program Quality,A2.1 Program Quality,A1.2 Practice Change,A2.1,A1.2,yes,v2 and 2.x routes disagree,0,false,,adjudicated,Severin,2026-09-26
S175,design,Mentees will report that their mentor challenges them to keep improving.,,Y3.2 Supportive Adult Relationships,,Y3.2,Y3.2,no,,0,false,,proposed,,
S176,design,The program will create a family advisory board with parent representatives.,F1.9 Family Participation & Leadership,F1.9 Family Participation & Leadership,A2.6 Family Engagement Systems | A3.1 Policy & Institutional Change,F1.9,A2.6,yes,v2 and 2.x routes disagree,0,false,,adjudicated,Severin,2026-09-26
S177,design,Participants will build new friendships with peers from different schools and grade levels.,,Y3.3 Peer Relationships & Friendship,Y4.5 Respect for Diversity & Cultural Competence,Y3.3,Y3.3,no,,0,false,,proposed,,
S178,design,First-generation students will persist into their second year of college.,,"Y1.18 Postsecondary Enrollment, Persistence & Completion",,Y1.18,Y1.18,no,,0,false,,proposed,,
S179,design,"Youth will demonstrate improved frustration tolerance during homework time, leading to more assignments completed on time.",,Y4.2 Emotion Regulation & Coping,Y1.10 Academic Perseverance,Y4.2,Y4.2,no,,0,false,,proposed,,
S180,design,Athletes will demonstrate good sportsmanship (win or lose gracefully).,,Y6.1 Positive Values & Character,Y4.11 Ethical & Prosocial Choices,Y6.1,Y6.1,no,,0,false,,proposed,,
S181,design,Parents will report feeling more connected to their child's school community.,,F1.8 Family Connection & Trust with the Program,F1.5 Caregiver Social Connections,F1.8,F1.8,no,,0,false,,proposed,,
S182,design,Youth will register to vote and participate in local elections.,,"Y6.4 Civic Voice, Leadership & Participation",Y6.2 Civic Knowledge,Y6.4,Y6.4,no,,0,false,,proposed,,
S183,design,Mentors will complete 6 hours of pre-match training.,"A2.5 Participation, Dosage & Reach (Output)","A2.5 Participation, Dosage & Reach (Output)",A1.1 Staff & Volunteer Knowledge & Skills,A2.5,A1.1,yes,v2 and 2.x routes disagree,0,false,,adjudicated,Severin,2026-09-26
S184,design,Youth will complete 20 hours of community service through park cleanups and food drives.,,Y6.5 Community Service & Action,"A2.5 Participation, Dosage & Reach (Output)",Y6.5,Y6.5,no,,0,false,,proposed,,
S185,design,Youth will increase their knowledge of local ecosystems and environmental science concepts.,"Y1.4 Science, Technology & Engineering","Y1.4 Science, Technology & Engineering",Y1.5 Other Academic Subjects | Y6.6 Environmental Stewardship,Y1.4,Y1.5,yes,v2 and 2.x routes disagree; 2.x code 1.3 was split,0,false,,adjudicated,Severin,2026-09-26
S186,design,Youth will build friendships with both disabled and non-disabled peers in an inclusive setting.,,Y3.3 Peer Relationships & Friendship,Y4.5 Respect for Diversity & Cultural Competence,Y3.3,Y3.3,no,,0,false,,proposed,,
S187,design,Youth will increase their knowledge of nutrition and healthy cooking skills.,Y8.1 Healthy Daily Habits,Y8.1 Healthy Daily Habits,Y7.7 Independent Living Skills,Y8.1,Y8.1,yes,2.x code 8.1 was split,0,false,,adjudicated,Severin,2026-09-26
S188,design,Students will visit at least three college campuses before senior year.,Y7.2 College & Career Transition Knowledge,Y7.1 Career Awareness & Exploration,,Y7.1,Y7.2,yes,v2 and 2.x routes disagree,0,false,,adjudicated,Severin,2026-09-26
S189,design,Youth will successfully complete probation requirements and court-ordered conditions.,,"Y8.13 Justice Involvement, Diversion & Reentry",,Y8.13,Y8.13,no,,0,false,,proposed,,
S190,design,Graduates will enroll in a two- or four-year college the fall after high school.,,"Y1.18 Postsecondary Enrollment, Persistence & Completion",,Y1.18,Y1.18,no,,0,false,,proposed,,
S191,design,Youth in extended foster care will enroll in health insurance through Medicaid until age 26.,Y8.5 Health Care Access & Condition Management,Y8.5 Health Care Access & Condition Management,"F2.1 Income, Benefits & Financial Stability",Y8.5,F2.1,yes,v2 and 2.x routes disagree,0,false,,adjudicated,Severin,2026-09-26
S192,design,Children will demonstrate fine motor skills such as holding a pencil and using scissors.,Y8.2 Motor & Sport Skills,Y8.2 Motor & Sport Skills,Y1.8 Early Learning & School Readiness,Y8.2,Y1.8,yes,v2 and 2.x routes disagree,0,false,,adjudicated,Severin,2026-09-26
S193,design,Parents will report knowing where to turn for help in a crisis.,F1.7 System Navigation & Rights Knowledge,F1.7 System Navigation & Rights Knowledge,"F2.1 Income, Benefits & Financial Stability | F1.5 Caregiver Social Connections",F1.7,F2.1,yes,v2 and 2.x routes disagree,0,false,,adjudicated,Severin,2026-09-26
S194,design,New students will make at least two friends in the program.,,Y3.3 Peer Relationships & Friendship,Y3.1 Belonging & Mattering,Y3.3,Y3.3,no,,0,false,,proposed,,
S195,design,The coalition will establish a shared data system across five youth-serving agencies.,A3.2 Cross-Sector Partnerships,A3.2 Cross-Sector Partnerships,A3.1 Policy & Institutional Change,A3.2,A3.1,yes,v2 and 2.x routes disagree; 2.x code 11.3 was split,0,false,,adjudicated,Severin,2026-09-26
S196,design,Families will receive a laptop and home internet access.,,A2.3 Access to Resources,"F1.6 Adult Education, Skills & Employment",A2.3,A2.3,no,,0,false,,proposed,,
S197,design,Students will critique a peer's artwork using the language of the discipline.,,Y2.5 Creative Expression & Performance,"Y4.4 Empathy, Perspective-Taking & Social Awareness",Y2.5,Y2.5,no,,0,false,,proposed,,
S198,design,"Families will secure stable, safe housing within 90 days of program enrollment.",,F2.3 Housing Stability & Safe Living Situation,,F2.3,F2.3,no,,0,false,,proposed,,
S199,design,Students will develop technical proficiency on their chosen instrument.,Y1.6 Arts Learning,Y1.6 Arts Learning,Y1.5 Other Academic Subjects,Y1.6,Y1.5,yes,v2 and 2.x routes disagree; 2.x code 1.3 was split,0,false,,adjudicated,Severin,2026-09-26
S200,design,Youth experiencing homelessness will reduce nights spent on the street or in unsafe locations.,,F2.3 Housing Stability & Safe Living Situation,Y8.10 Felt Safety,F2.3,F2.3,no,,0,false,,proposed,,
S201,design,Summer youth employees will receive a positive supervisor evaluation.,Y7.3 Employability & Workplace Skills,Y7.3 Employability & Workplace Skills,Y7.5 Employment & Earnings,Y7.3,Y7.5,yes,v2 and 2.x routes disagree,0,false,,adjudicated,Severin,2026-09-26
S202,design,Students will demonstrate increased confidence in their academic abilities.,,Y1.12 Academic Mindsets & Self-Efficacy,"Y5.4 Confidence, Self-Efficacy & Self-Worth",Y1.12,Y1.12,no,,0,false,,proposed,,
S203,design,Youth will learn about local watershed ecology.,"Y1.4 Science, Technology & Engineering","Y1.4 Science, Technology & Engineering",Y1.5 Other Academic Subjects | Y6.6 Environmental Stewardship,Y1.4,Y1.5,yes,v2 and 2.x routes disagree; 2.x code 1.3 was split,0,false,,adjudicated,Severin,2026-09-26
S204,design,Staff will adopt trauma-informed practices in their classrooms.,,A1.2 Practice Change,,A1.2,A1.2,no,,0,false,,proposed,,
S205,design,Youth will get at least eight hours of sleep on school nights.,Y8.1 Healthy Daily Habits,Y8.1 Healthy Daily Habits,,Y8.1,Y8.1,yes,2.x code 8.1 was split,0,false,,adjudicated,Severin,2026-09-26
S206,design,Family members will increase their digital literacy and confidence using technology for telehealth and school portals.,"F1.6 Adult Education, Skills & Employment","F1.6 Adult Education, Skills & Employment",Y6.7 Digital Citizenship & Online Safety | A2.3 Access to Resources,F1.6,Y6.7,yes,v2 and 2.x routes disagree,0,false,,adjudicated,Severin,2026-09-26
S207,design,Participants will reduce screen time and increase physical activity outside of program hours.,Y8.1 Healthy Daily Habits,Y8.1 Healthy Daily Habits,,Y8.1,Y8.1,yes,2.x code 8.1 was split,0,false,,adjudicated,Severin,2026-09-26
S208,design,Students will improve their math problem-solving skills and grade-level proficiency.,,Y1.3 Mathematics,Y4.10 Decision-Making & Problem-Solving,Y1.3,Y1.3,no,,0,false,,proposed,,
S209,design,Youth will resolve disagreements with peers without fighting.,,Y4.8 Relationship-Building & Conflict Resolution,"Y8.12 Violence, Bullying & Victimization",Y4.8,Y4.8,no,,0,false,,proposed,,
S210,design,Families will reduce reliance on emergency food assistance over time.,,F2.2 Food Security,"F2.1 Income, Benefits & Financial Stability",F2.2,F2.2,no,,0,false,,proposed,,
S211,design,Youth council members will present policy recommendations to city council.,,"Y6.4 Civic Voice, Leadership & Participation",Y4.6 Communication & Public Speaking,Y6.4,Y6.4,no,,0,false,,proposed,,
S212,design,Students who experienced trauma will report feeling safe at school.,Y8.8 Healing & Trauma Recovery,Y3.1 Belonging & Mattering,Y8.10 Felt Safety,Y3.1,Y8.8,yes,v2 and 2.x routes disagree,0,false,,adjudicated,Severin,2026-09-26
S213,design,Youth will discover a new passion for dance.,,Y2.3 Sustained & Individual Interest,,Y2.3,Y2.3,no,,0,false,,proposed,,
S214,design,"Youth will continue pursuing robotics after the program ends, joining a school team.",,Y2.3 Sustained & Individual Interest,Y2.6 Participation in Enriching Activities,Y2.3,Y2.3,no,,0,false,,proposed,,
S215,design,"Youth will demonstrate safe and responsible online behavior, including recognizing scams and protecting personal information.",,Y6.7 Digital Citizenship & Online Safety,"Y1.7 Critical Thinking, Inquiry & Media Literacy",Y6.7,Y6.7,no,,0,false,,proposed,,
S216,design,Students will believe they can pass their algebra class.,,Y1.12 Academic Mindsets & Self-Efficacy,"Y5.4 Confidence, Self-Efficacy & Self-Worth",Y1.12,Y1.12,no,,0,false,,proposed,,
S217,design,Improve outcomes for students.,,none,,none,none,no,,0,true,,proposed,,
S218,design,Youth will secure a job within 90 days of release.,,Y7.5 Employment & Earnings,"Y8.13 Justice Involvement, Diversion & Reentry",Y7.5,Y7.5,no,,0,false,,proposed,,
S219,design,Students will earn college credit through dual enrollment in a CTE pathway.,Y1.16 Advanced Coursework & Dual Credit,Y1.16 Advanced Coursework & Dual Credit,"Y1.18 Postsecondary Enrollment, Persistence & Completion | Y7.4 Technical Skills, Credentials & Work-Based Learning",Y1.16,Y1.18,yes,v2 and 2.x routes disagree,0,false,,adjudicated,Severin,2026-09-26
S220,design,Children will show persistence and curiosity when working on puzzles and new tasks.,,Y1.10 Academic Perseverance,"Y4.3 Goal-Setting, Organization & Self-Discipline",Y1.10,Y1.10,no,,0,false,,proposed,,
S221,design,Students will increase their use of effective study strategies such as note-taking and test preparation.,,Y1.11 Learning Strategies & Study Skills,Y1.9 Academic Engagement Behaviors,Y1.11,Y1.11,no,,0,false,,proposed,,
S222,design,Students will report that there is an adult at the program who notices when they are absent.,,Y3.2 Supportive Adult Relationships,Y3.1 Belonging & Mattering,Y3.2,Y3.2,no,,0,false,,proposed,,
S223,design,Youth will stand up for classmates who are being treated unfairly.,,Y4.11 Ethical & Prosocial Choices,Y6.3 Critical Consciousness & Social Justice,Y4.11,Y4.11,no,,0,false,,proposed,,
S224,design,"Youth will demonstrate independent living skills such as cooking, budgeting, and scheduling appointments.",Y7.7 Independent Living Skills,Y7.7 Independent Living Skills,"Y4.3 Goal-Setting, Organization & Self-Discipline | Y7.6 Financial Capability",Y7.7,Y4.3,yes,v2 and 2.x routes disagree,0,false,,adjudicated,Severin,2026-09-26
S225,design,Youth staying at the shelter will exit to a safe and stable housing situation.,,F2.3 Housing Stability & Safe Living Situation,,F2.3,F2.3,no,,0,false,,proposed,,
S226,design,Youth will participate in a church-led service trip to rebuild homes.,,Y6.5 Community Service & Action,,Y6.5,Y6.5,no,,0,false,,proposed,,
S227,design,Youth will help set up and clean up the program space each day.,,Y4.11 Ethical & Prosocial Choices,Y6.5 Community Service & Action,Y4.11,Y4.11,no,,0,false,,proposed,,
S228,design,Program will distribute 200 refurbished laptops to low-income families this year.,,A2.3 Access to Resources,"A2.5 Participation, Dosage & Reach (Output)",A2.3,A2.3,no,,0,false,,proposed,,
S229,design,Participants will report carrying a weapon less often.,,"Y8.12 Violence, Bullying & Victimization",,Y8.12,Y8.12,no,,0,false,,proposed,,
S230,design,Team members will collaborate to design and build a robot.,,"Y4.7 Teamwork, Collaboration & Group Leadership","Y1.4 Science, Technology & Engineering",Y4.7,Y4.7,no,,0,false,,proposed,,
S231,design,Families of children with disabilities will report reduced caregiver stress and burnout.,,F1.4 Caregiver Well-Being & Resilience,,F1.4,F1.4,no,,0,false,,proposed,,
S232,design,Youth will develop coding and computational thinking skills.,"Y1.4 Science, Technology & Engineering","Y1.4 Science, Technology & Engineering",Y1.5 Other Academic Subjects,Y1.4,Y1.5,yes,v2 and 2.x routes disagree; 2.x code 1.3 was split,0,false,,adjudicated,Severin,2026-09-26
S233,design,Participating students will reduce chronic absenteeism from school.,,Y1.13 Attendance & School Stability,,Y1.13,Y1.13,no,,0,false,,proposed,,
S234,design,Youth will report feeling excited and happy to attend program each day.,,Y2.1 Enjoyment & Joy,Y3.1 Belonging & Mattering,Y2.1,Y2.1,no,,0,false,,proposed,,
S235,design,Students will turn in homework on time.,,Y1.9 Academic Engagement Behaviors,"Y4.3 Goal-Setting, Organization & Self-Discipline",Y1.9,Y1.9,no,,0,false,,proposed,,
S236,design,Youth will develop self-advocacy skills to communicate their needs and accommodations.,"Y5.6 Agency, Self-Determination & Self-Advocacy","Y5.6 Agency, Self-Determination & Self-Advocacy",Y4.9 Help-Seeking & Offering Support | Y4.6 Communication & Public Speaking,Y5.6,Y4.9,yes,v2 and 2.x routes disagree,0,false,,adjudicated,Severin,2026-09-26
S237,design,Students will develop coping strategies for managing stress.,,Y4.2 Emotion Regulation & Coping,,Y4.2,Y4.2,no,,0,false,,proposed,,
S238,design,The program will serve 300 youth across four sites.,,"A2.5 Participation, Dosage & Reach (Output)",,A2.5,A2.5,no,,0,false,,proposed,,
S239,design,Caregivers of children with autism will report reduced parenting stress.,,F1.4 Caregiver Well-Being & Resilience,F1.1 Parenting Knowledge & Practices,F1.4,F1.4,no,,0,false,,proposed,,
S240,design,Every participating family will have a working laptop and home internet.,,A2.3 Access to Resources,"F1.6 Adult Education, Skills & Employment | F2.1 Income, Benefits & Financial Stability",A2.3,A2.3,no,,0,false,,proposed,,
S241,design,Youth will re-enroll in school or obtain a GED following release.,Y1.17 High School Completion & Re-engagement,Y1.17 High School Completion & Re-engagement,"Y1.15 Grades, Credits & On-Track Status",Y1.17,Y1.15,yes,v2 and 2.x routes disagree; 2.x code 1.6 was split,0,false,,adjudicated,Severin,2026-09-26
S242,design,Youth will practice gratitude by writing thank-you notes to community volunteers.,,"Y4.4 Empathy, Perspective-Taking & Social Awareness",Y6.1 Positive Values & Character,Y4.4,Y4.4,no,,0,false,,proposed,,
S243,design,Youth will adopt a growth mindset when facing setbacks.,,"Y5.4 Confidence, Self-Efficacy & Self-Worth",Y1.12 Academic Mindsets & Self-Efficacy,Y5.4,Y5.4,no,,0,false,,proposed,,
S244,design,Tutors (college volunteers) will strengthen their own communication and mentoring skills through the experience.,,A1.1 Staff & Volunteer Knowledge & Skills,,A1.1,A1.1,no,,0,false,,proposed,,
S245,design,Caregivers will demonstrate use of positive discipline strategies at home.,,F1.1 Parenting Knowledge & Practices,,F1.1,F1.1,no,,0,false,,proposed,,
S246,design,Mentees will report that their mentor cares about them.,,Y3.2 Supportive Adult Relationships,Y3.1 Belonging & Mattering,Y3.2,Y3.2,no,,0,false,,proposed,,
S247,design,Participants will grow and harvest vegetables in the community garden.,Y6.6 Environmental Stewardship,Y8.1 Healthy Daily Habits,,,Y8.1,yes,v2 residual code has no 3.0 home; 2.x code 8.1 was split,0,false,,adjudicated,Severin,2026-09-26
S248,design,Youth will be able to identify warning signs of dating violence.,,"Y8.12 Violence, Bullying & Victimization",Y8.4 Sexual & Reproductive Health,Y8.12,Y8.12,no,,0,false,,proposed,,
S249,design,Students will improve reading comprehension scores by one grade level.,,Y1.1 Literacy: Reading & Writing,"Y1.15 Grades, Credits & On-Track Status",Y1.1,Y1.1,no,,0,false,,proposed,,
S250,design,Youth will develop a sense of purpose for their lives.,Y5.5 Purpose & Future Orientation,Y5.5 Purpose & Future Orientation,,Y5.5,Y5.5,yes,2.x code 6.4 was split,0,false,,adjudicated,Severin,2026-09-26
S251,design,Teen parents will delay a second pregnancy for at least 24 months.,,Y8.4 Sexual & Reproductive Health,F1.1 Parenting Knowledge & Practices,Y8.4,Y8.4,no,,0,false,,proposed,,
S252,design,Families will navigate school enrollment and special education processes despite language barriers.,F1.7 System Navigation & Rights Knowledge,F1.7 System Navigation & Rights Knowledge,"A2.4 Inclusion, Accommodations & Language Access",F1.7,A2.4,yes,v2 and 2.x routes disagree,0,false,,adjudicated,Severin,2026-09-26
S253,design,Interns will demonstrate leadership and initiative in the workplace.,,Y7.3 Employability & Workplace Skills,"Y4.7 Teamwork, Collaboration & Group Leadership",Y7.3,Y7.3,no,,0,false,,proposed,,
S254,design,Youth will explain how a bill becomes a law in their state.,,Y6.2 Civic Knowledge,Y1.5 Other Academic Subjects,Y6.2,Y6.2,no,,0,false,,proposed,,
S255,design,"Participants will build confidence in outdoor physical skills (hiking, kayaking, rock climbing).",Y8.2 Motor & Sport Skills,Y8.2 Motor & Sport Skills,"Y5.4 Confidence, Self-Efficacy & Self-Worth",Y8.2,Y5.4,yes,v2 and 2.x routes disagree,0,false,,adjudicated,Severin,2026-09-26
